mode: atomic
github.com/trueforge-org/forgetool/main.go:21.13,28.31 3 0
github.com/trueforge-org/forgetool/main.go:29.15,30.36 1 0
github.com/trueforge-org/forgetool/main.go:31.15,32.36 1 0
github.com/trueforge-org/forgetool/main.go:33.14,34.35 1 0
github.com/trueforge-org/forgetool/main.go:35.15,36.36 1 0
github.com/trueforge-org/forgetool/main.go:37.15,38.36 1 0
github.com/trueforge-org/forgetool/main.go:39.15,40.36 1 0
github.com/trueforge-org/forgetool/main.go:41.14,42.35 1 0
github.com/trueforge-org/forgetool/main.go:43.10,44.35 1 0
github.com/trueforge-org/forgetool/main.go:47.2,47.30 1 0
github.com/trueforge-org/forgetool/main.go:47.30,49.3 1 0
github.com/trueforge-org/forgetool/main.go:52.2,77.16 12 0
github.com/trueforge-org/forgetool/main.go:77.16,79.3 1 0
github.com/trueforge-org/forgetool/embed/embed.go:20.19,22.16 2 0
github.com/trueforge-org/forgetool/embed/embed.go:22.16,24.3 1 0
github.com/trueforge-org/forgetool/embed/embed.go:25.2,27.39 3 0
github.com/trueforge-org/forgetool/embed/embed.go:30.51,33.66 1 0
github.com/trueforge-org/forgetool/embed/embed.go:33.66,36.3 2 0
github.com/trueforge-org/forgetool/embed/embed.go:38.2,39.74 2 0
github.com/trueforge-org/forgetool/embed/embed.go:39.74,40.17 1 0
github.com/trueforge-org/forgetool/embed/embed.go:40.17,42.4 1 0
github.com/trueforge-org/forgetool/embed/embed.go:43.3,43.22 1 0
github.com/trueforge-org/forgetool/embed/embed.go:43.22,44.17 1 0
github.com/trueforge-org/forgetool/embed/embed.go:44.17,47.63 2 0
github.com/trueforge-org/forgetool/embed/embed.go:47.63,50.6 2 0
github.com/trueforge-org/forgetool/embed/embed.go:51.10,55.19 2 0
github.com/trueforge-org/forgetool/embed/embed.go:55.19,58.6 2 0
github.com/trueforge-org/forgetool/embed/embed.go:59.5,60.63 2 0
github.com/trueforge-org/forgetool/embed/embed.go:60.63,63.6 2 0
github.com/trueforge-org/forgetool/embed/embed.go:66.3,66.13 1 0
github.com/trueforge-org/forgetool/embed/embed.go:70.28,72.31 2 0
github.com/trueforge-org/forgetool/embed/embed.go:72.31,73.32 1 0
github.com/trueforge-org/forgetool/embed/embed.go:73.32,75.4 1 0
github.com/trueforge-org/forgetool/embed/embed.go:75.9,77.4 1 0
github.com/trueforge-org/forgetool/embed/embed.go:80.2,80.29 1 0
github.com/trueforge-org/forgetool/embed/embed.go:80.29,81.32 1 0
github.com/trueforge-org/forgetool/embed/embed.go:81.32,83.4 1 0
github.com/trueforge-org/forgetool/embed/embed.go:83.9,85.4 1 0
github.com/trueforge-org/forgetool/embed/embed.go:88.2,88.30 1 0
github.com/trueforge-org/forgetool/embed/embed.go:88.30,89.32 1 0
github.com/trueforge-org/forgetool/embed/embed.go:89.32,91.4 1 0
github.com/trueforge-org/forgetool/embed/embed.go:91.9,93.4 1 0
github.com/trueforge-org/forgetool/embed/embed.go:96.2,96.31 1 0
github.com/trueforge-org/forgetool/embed/embed.go:96.31,97.32 1 0
github.com/trueforge-org/forgetool/embed/embed.go:97.32,99.4 1 0
github.com/trueforge-org/forgetool/embed/embed.go:99.9,101.4 1 0
github.com/trueforge-org/forgetool/embed/embed.go:105.2,105.49 1 0
github.com/trueforge-org/forgetool/pkg/charts/changelog/active_charts.go:23.61,28.2 4 0
github.com/trueforge-org/forgetool/pkg/charts/changelog/active_charts.go:30.95,31.16 1 0
github.com/trueforge-org/forgetool/pkg/charts/changelog/active_charts.go:31.16,33.3 1 0
github.com/trueforge-org/forgetool/pkg/charts/changelog/active_charts.go:34.2,34.34 1 0
github.com/trueforge-org/forgetool/pkg/charts/changelog/active_charts.go:34.34,36.3 1 0
github.com/trueforge-org/forgetool/pkg/charts/changelog/active_charts.go:38.2,39.16 2 0
github.com/trueforge-org/forgetool/pkg/charts/changelog/active_charts.go:39.16,41.3 1 0
github.com/trueforge-org/forgetool/pkg/charts/changelog/active_charts.go:43.2,53.38 7 0
github.com/trueforge-org/forgetool/pkg/charts/changelog/active_charts.go:53.38,55.3 1 0
github.com/trueforge-org/forgetool/pkg/charts/changelog/active_charts.go:55.8,57.3 1 0
github.com/trueforge-org/forgetool/pkg/charts/changelog/active_charts.go:58.2,59.12 2 0
github.com/trueforge-org/forgetool/pkg/charts/changelog/changed_data.go:30.71,32.30 2 0
github.com/trueforge-org/forgetool/pkg/charts/changelog/changed_data.go:32.30,34.17 2 0
github.com/trueforge-org/forgetool/pkg/charts/changelog/changed_data.go:34.17,36.4 1 0
github.com/trueforge-org/forgetool/pkg/charts/changelog/changed_data.go:37.3,37.48 1 0
github.com/trueforge-org/forgetool/pkg/charts/changelog/changed_data.go:40.2,40.48 1 0
github.com/trueforge-org/forgetool/pkg/charts/changelog/changed_data.go:40.48,41.14 1 0
github.com/trueforge-org/forgetool/pkg/charts/changelog/changed_data.go:41.14,43.4 1 0
github.com/trueforge-org/forgetool/pkg/charts/changelog/changed_data.go:44.3,44.53 1 0
github.com/trueforge-org/forgetool/pkg/charts/changelog/changed_data.go:47.2,47.40 1 0
github.com/trueforge-org/forgetool/pkg/charts/changelog/changed_data.go:47.40,49.3 1 0
github.com/trueforge-org/forgetool/pkg/charts/changelog/changed_data.go:51.2,51.27 1 0
github.com/trueforge-org/forgetool/pkg/charts/changelog/changed_data.go:54.107,55.21 1 0
github.com/trueforge-org/forgetool/pkg/charts/changelog/changed_data.go:55.21,57.3 1 0
github.com/trueforge-org/forgetool/pkg/charts/changelog/changed_data.go:58.2,59.13 2 0
github.com/trueforge-org/forgetool/pkg/charts/changelog/changed_data.go:59.13,61.3 1 0
github.com/trueforge-org/forgetool/pkg/charts/changelog/changed_data.go:63.2,64.53 2 0
github.com/trueforge-org/forgetool/pkg/charts/changelog/changed_data.go:67.58,68.23 1 0
github.com/trueforge-org/forgetool/pkg/charts/changelog/changed_data.go:68.23,70.3 1 0
github.com/trueforge-org/forgetool/pkg/charts/changelog/changed_data.go:71.2,72.12 2 0
github.com/trueforge-org/forgetool/pkg/charts/changelog/changed_data.go:72.12,74.3 1 0
github.com/trueforge-org/forgetool/pkg/charts/changelog/changed_data.go:75.2,79.3 1 0
github.com/trueforge-org/forgetool/pkg/charts/changelog/changed_data.go:89.52,90.22 1 0
github.com/trueforge-org/forgetool/pkg/charts/changelog/changed_data.go:90.22,92.3 1 0
github.com/trueforge-org/forgetool/pkg/charts/changelog/changed_data.go:94.2,95.12 2 0
github.com/trueforge-org/forgetool/pkg/charts/changelog/changed_data.go:95.12,97.3 1 0
github.com/trueforge-org/forgetool/pkg/charts/changelog/changed_data.go:98.2,104.3 1 0
github.com/trueforge-org/forgetool/pkg/charts/changelog/changed_data.go:107.64,109.35 2 0
github.com/trueforge-org/forgetool/pkg/charts/changelog/changed_data.go:109.35,111.3 1 0
github.com/trueforge-org/forgetool/pkg/charts/changelog/changed_data.go:113.2,114.42 2 0
github.com/trueforge-org/forgetool/pkg/charts/changelog/changed_data.go:114.42,119.17 2 0
github.com/trueforge-org/forgetool/pkg/charts/changelog/changed_data.go:119.17,122.4 2 0
github.com/trueforge-org/forgetool/pkg/charts/changelog/changed_data.go:123.3,124.17 2 0
github.com/trueforge-org/forgetool/pkg/charts/changelog/changed_data.go:124.17,127.4 2 0
github.com/trueforge-org/forgetool/pkg/charts/changelog/changed_data.go:128.3,128.14 1 0
github.com/trueforge-org/forgetool/pkg/charts/changelog/changed_data.go:128.14,130.4 1 0
github.com/trueforge-org/forgetool/pkg/charts/changelog/changed_data.go:131.3,131.29 1 0
github.com/trueforge-org/forgetool/pkg/charts/changelog/changed_data.go:134.2,134.12 1 0
github.com/trueforge-org/forgetool/pkg/charts/changelog/changed_data.go:134.12,136.3 1 0
github.com/trueforge-org/forgetool/pkg/charts/changelog/changed_data.go:138.2,139.21 2 0
github.com/trueforge-org/forgetool/pkg/charts/changelog/changed_data.go:155.55,157.16 2 0
github.com/trueforge-org/forgetool/pkg/charts/changelog/changed_data.go:157.16,158.25 1 0
github.com/trueforge-org/forgetool/pkg/charts/changelog/changed_data.go:158.25,160.4 1 0
github.com/trueforge-org/forgetool/pkg/charts/changelog/changed_data.go:161.3,161.13 1 0
github.com/trueforge-org/forgetool/pkg/charts/changelog/changed_data.go:163.2,163.22 1 0
github.com/trueforge-org/forgetool/pkg/charts/changelog/changed_data.go:163.22,165.3 1 0
github.com/trueforge-org/forgetool/pkg/charts/changelog/changed_data.go:167.2,168.16 2 0
github.com/trueforge-org/forgetool/pkg/charts/changelog/changed_data.go:168.16,170.3 1 0
github.com/trueforge-org/forgetool/pkg/charts/changelog/changed_data.go:172.2,173.16 2 0
github.com/trueforge-org/forgetool/pkg/charts/changelog/changed_data.go:173.16,175.3 1 0
github.com/trueforge-org/forgetool/pkg/charts/changelog/changed_data.go:177.2,177.12 1 0
github.com/trueforge-org/forgetool/pkg/charts/changelog/changed_data.go:180.54,182.16 2 0
github.com/trueforge-org/forgetool/pkg/charts/changelog/changed_data.go:182.16,184.3 1 0
github.com/trueforge-org/forgetool/pkg/charts/changelog/changed_data.go:185.2,186.39 2 0
github.com/trueforge-org/forgetool/pkg/charts/changelog/changelog.go:26.58,28.16 2 0
github.com/trueforge-org/forgetool/pkg/charts/changelog/changelog.go:28.16,29.25 1 0
github.com/trueforge-org/forgetool/pkg/charts/changelog/changelog.go:29.25,30.24 1 0
github.com/trueforge-org/forgetool/pkg/charts/changelog/changelog.go:30.24,32.19 2 0
github.com/trueforge-org/forgetool/pkg/charts/changelog/changelog.go:32.19,34.6 1 0
github.com/trueforge-org/forgetool/pkg/charts/changelog/changelog.go:35.5,35.15 1 0
github.com/trueforge-org/forgetool/pkg/charts/changelog/changelog.go:37.4,37.14 1 0
github.com/trueforge-org/forgetool/pkg/charts/changelog/changelog.go:39.3,39.61 1 0
github.com/trueforge-org/forgetool/pkg/charts/changelog/changelog.go:41.2,41.12 1 0
github.com/trueforge-org/forgetool/pkg/charts/changelog/changelog.go:44.45,45.22 1 0
github.com/trueforge-org/forgetool/pkg/charts/changelog/changelog.go:45.22,47.3 1 0
github.com/trueforge-org/forgetool/pkg/charts/changelog/changelog.go:48.2,48.26 1 0
github.com/trueforge-org/forgetool/pkg/charts/changelog/changelog.go:48.26,50.3 1 0
github.com/trueforge-org/forgetool/pkg/charts/changelog/changelog.go:51.2,51.31 1 0
github.com/trueforge-org/forgetool/pkg/charts/changelog/changelog.go:51.31,53.3 1 0
github.com/trueforge-org/forgetool/pkg/charts/changelog/changelog.go:54.2,54.23 1 0
github.com/trueforge-org/forgetool/pkg/charts/changelog/changelog.go:54.23,56.3 1 0
github.com/trueforge-org/forgetool/pkg/charts/changelog/changelog.go:57.2,57.28 1 0
github.com/trueforge-org/forgetool/pkg/charts/changelog/changelog.go:57.28,59.3 1 0
github.com/trueforge-org/forgetool/pkg/charts/changelog/changelog.go:60.2,60.33 1 0
github.com/trueforge-org/forgetool/pkg/charts/changelog/changelog.go:60.33,62.3 1 0
github.com/trueforge-org/forgetool/pkg/charts/changelog/changelog.go:64.2,71.34 2 0
github.com/trueforge-org/forgetool/pkg/charts/changelog/changelog.go:71.34,72.49 1 0
github.com/trueforge-org/forgetool/pkg/charts/changelog/changelog.go:72.49,74.4 1 0
github.com/trueforge-org/forgetool/pkg/charts/changelog/changelog.go:77.2,77.12 1 0
github.com/trueforge-org/forgetool/pkg/charts/changelog/changelog.go:87.45,91.37 4 0
github.com/trueforge-org/forgetool/pkg/charts/changelog/changelog.go:91.37,93.3 1 0
github.com/trueforge-org/forgetool/pkg/charts/changelog/changelog.go:95.2,95.119 1 0
github.com/trueforge-org/forgetool/pkg/charts/changelog/changelog.go:95.119,97.3 1 0
github.com/trueforge-org/forgetool/pkg/charts/changelog/changelog.go:98.2,102.67 3 0
github.com/trueforge-org/forgetool/pkg/charts/changelog/changelog.go:102.67,104.3 1 0
github.com/trueforge-org/forgetool/pkg/charts/changelog/changelog.go:105.2,105.34 1 0
github.com/trueforge-org/forgetool/pkg/charts/changelog/changelog.go:105.34,107.3 1 0
github.com/trueforge-org/forgetool/pkg/charts/changelog/changelog.go:107.8,109.3 1 0
github.com/trueforge-org/forgetool/pkg/charts/changelog/changelog.go:112.2,113.16 2 0
github.com/trueforge-org/forgetool/pkg/charts/changelog/changelog.go:113.16,115.3 1 0
github.com/trueforge-org/forgetool/pkg/charts/changelog/changelog.go:119.2,120.16 2 0
github.com/trueforge-org/forgetool/pkg/charts/changelog/changelog.go:120.16,122.3 1 0
github.com/trueforge-org/forgetool/pkg/charts/changelog/changelog.go:123.2,124.16 2 0
github.com/trueforge-org/forgetool/pkg/charts/changelog/changelog.go:124.16,126.3 1 0
github.com/trueforge-org/forgetool/pkg/charts/changelog/changelog.go:127.2,127.23 1 0
github.com/trueforge-org/forgetool/pkg/charts/changelog/changelog.go:127.23,130.3 2 0
github.com/trueforge-org/forgetool/pkg/charts/changelog/changelog.go:131.2,139.28 5 0
github.com/trueforge-org/forgetool/pkg/charts/changelog/changelog.go:139.28,145.42 5 0
github.com/trueforge-org/forgetool/pkg/charts/changelog/changelog.go:145.42,149.4 1 0
github.com/trueforge-org/forgetool/pkg/charts/changelog/changelog.go:151.3,155.28 5 0
github.com/trueforge-org/forgetool/pkg/charts/changelog/changelog.go:158.2,160.48 2 0
github.com/trueforge-org/forgetool/pkg/charts/changelog/changelog.go:160.48,162.3 1 0
github.com/trueforge-org/forgetool/pkg/charts/changelog/changelog.go:163.2,164.66 2 0
github.com/trueforge-org/forgetool/pkg/charts/changelog/changelog.go:164.66,166.3 1 0
github.com/trueforge-org/forgetool/pkg/charts/changelog/changelog.go:167.2,169.12 3 0
github.com/trueforge-org/forgetool/pkg/charts/changelog/changelog.go:175.36,183.58 7 0
github.com/trueforge-org/forgetool/pkg/charts/changelog/changelog.go:183.58,186.10 2 0
github.com/trueforge-org/forgetool/pkg/charts/changelog/changelog.go:186.10,188.12 2 0
github.com/trueforge-org/forgetool/pkg/charts/changelog/changelog.go:193.3,193.64 1 0
github.com/trueforge-org/forgetool/pkg/charts/changelog/changelog.go:193.64,195.12 2 0
github.com/trueforge-org/forgetool/pkg/charts/changelog/changelog.go:199.3,200.17 2 0
github.com/trueforge-org/forgetool/pkg/charts/changelog/changelog.go:200.17,202.4 1 0
github.com/trueforge-org/forgetool/pkg/charts/changelog/changelog.go:206.3,206.62 1 0
github.com/trueforge-org/forgetool/pkg/charts/changelog/changelog.go:206.62,208.18 2 0
github.com/trueforge-org/forgetool/pkg/charts/changelog/changelog.go:208.18,210.5 1 0
github.com/trueforge-org/forgetool/pkg/charts/changelog/changelog.go:212.4,214.43 2 0
github.com/trueforge-org/forgetool/pkg/charts/changelog/changelog.go:214.43,217.42 1 0
github.com/trueforge-org/forgetool/pkg/charts/changelog/changelog.go:217.42,218.14 1 0
github.com/trueforge-org/forgetool/pkg/charts/changelog/changelog.go:220.5,222.12 3 0
github.com/trueforge-org/forgetool/pkg/charts/changelog/changelog.go:222.12,225.6 2 0
github.com/trueforge-org/forgetool/pkg/charts/changelog/changelog.go:228.5,228.82 1 0
github.com/trueforge-org/forgetool/pkg/charts/changelog/changelog.go:228.82,229.37 1 0
github.com/trueforge-org/forgetool/pkg/charts/changelog/changelog.go:229.37,232.7 2 0
github.com/trueforge-org/forgetool/pkg/charts/changelog/changelog.go:234.6,234.54 1 0
github.com/trueforge-org/forgetool/pkg/charts/changelog/changelog.go:234.54,237.15 2 0
github.com/trueforge-org/forgetool/pkg/charts/changelog/changelog.go:239.6,239.46 1 0
github.com/trueforge-org/forgetool/pkg/charts/changelog/changelog.go:241.5,241.10 1 0
github.com/trueforge-org/forgetool/pkg/charts/changelog/changelog.go:243.4,243.21 1 0
github.com/trueforge-org/forgetool/pkg/charts/changelog/changelog.go:243.21,245.82 1 0
github.com/trueforge-org/forgetool/pkg/charts/changelog/changelog.go:245.82,246.72 1 0
github.com/trueforge-org/forgetool/pkg/charts/changelog/changelog.go:246.72,249.15 2 0
github.com/trueforge-org/forgetool/pkg/charts/changelog/changelog.go:251.6,251.64 1 0
github.com/trueforge-org/forgetool/pkg/charts/changelog/changelog.go:258.2,259.12 2 0
github.com/trueforge-org/forgetool/pkg/charts/changelog/commit.go:14.48,16.2 1 0
github.com/trueforge-org/forgetool/pkg/charts/changelog/commit.go:21.45,23.18 2 0
github.com/trueforge-org/forgetool/pkg/charts/changelog/commit.go:23.18,25.3 1 0
github.com/trueforge-org/forgetool/pkg/charts/changelog/commit.go:26.2,26.17 1 0
github.com/trueforge-org/forgetool/pkg/charts/changelog/commit.go:29.43,30.21 1 0
github.com/trueforge-org/forgetool/pkg/charts/changelog/commit.go:30.21,34.3 3 0
github.com/trueforge-org/forgetool/pkg/charts/changelog/commit.go:35.2,35.55 1 0
github.com/trueforge-org/forgetool/pkg/charts/changelog/commit.go:35.55,39.3 3 0
github.com/trueforge-org/forgetool/pkg/charts/changelog/commit.go:41.2,41.87 1 0
github.com/trueforge-org/forgetool/pkg/charts/changelog/commit.go:41.87,45.3 3 0
github.com/trueforge-org/forgetool/pkg/charts/changelog/commit.go:47.2,47.13 1 0
github.com/trueforge-org/forgetool/pkg/charts/changelog/commit.go:57.44,59.23 2 0
github.com/trueforge-org/forgetool/pkg/charts/changelog/commit.go:59.23,61.3 1 0
github.com/trueforge-org/forgetool/pkg/charts/changelog/commit.go:63.2,64.16 2 0
github.com/trueforge-org/forgetool/pkg/charts/changelog/commit.go:64.16,66.3 1 0
github.com/trueforge-org/forgetool/pkg/charts/changelog/commit.go:67.2,68.16 2 0
github.com/trueforge-org/forgetool/pkg/charts/changelog/commit.go:68.16,70.3 1 0
github.com/trueforge-org/forgetool/pkg/charts/changelog/commit.go:74.2,75.16 2 0
github.com/trueforge-org/forgetool/pkg/charts/changelog/commit.go:75.16,77.3 1 0
github.com/trueforge-org/forgetool/pkg/charts/changelog/commit.go:81.2,84.95 2 0
github.com/trueforge-org/forgetool/pkg/charts/changelog/commit.go:84.95,86.3 1 0
github.com/trueforge-org/forgetool/pkg/charts/changelog/commit.go:88.2,88.12 1 0
github.com/trueforge-org/forgetool/pkg/charts/changelog/patch.go:16.72,18.16 2 0
github.com/trueforge-org/forgetool/pkg/charts/changelog/patch.go:18.16,21.3 2 0
github.com/trueforge-org/forgetool/pkg/charts/changelog/patch.go:26.2,27.72 2 0
github.com/trueforge-org/forgetool/pkg/charts/changelog/patch.go:27.72,30.3 2 0
github.com/trueforge-org/forgetool/pkg/charts/changelog/patch.go:31.2,31.52 1 0
github.com/trueforge-org/forgetool/pkg/charts/changelog/patch.go:31.52,34.3 2 0
github.com/trueforge-org/forgetool/pkg/charts/changelog/patch.go:35.2,35.16 1 0
github.com/trueforge-org/forgetool/pkg/charts/changelog/patch.go:35.16,36.53 1 0
github.com/trueforge-org/forgetool/pkg/charts/changelog/patch.go:36.53,39.4 2 0
github.com/trueforge-org/forgetool/pkg/charts/changelog/patch.go:42.2,42.56 1 0
github.com/trueforge-org/forgetool/pkg/charts/changelog/patch.go:45.107,47.16 2 0
github.com/trueforge-org/forgetool/pkg/charts/changelog/patch.go:47.16,49.3 1 0
github.com/trueforge-org/forgetool/pkg/charts/changelog/patch.go:50.2,51.16 2 0
github.com/trueforge-org/forgetool/pkg/charts/changelog/patch.go:51.16,53.3 1 0
github.com/trueforge-org/forgetool/pkg/charts/changelog/patch.go:55.2,56.22 2 0
github.com/trueforge-org/forgetool/pkg/charts/changelog/patch.go:56.22,58.17 2 0
github.com/trueforge-org/forgetool/pkg/charts/changelog/patch.go:58.17,60.4 1 0
github.com/trueforge-org/forgetool/pkg/charts/changelog/patch.go:62.3,63.17 2 0
github.com/trueforge-org/forgetool/pkg/charts/changelog/patch.go:63.17,65.4 1 0
github.com/trueforge-org/forgetool/pkg/charts/changelog/patch.go:68.2,68.38 1 0
github.com/trueforge-org/forgetool/pkg/charts/changelog/patch.go:71.89,73.36 2 0
github.com/trueforge-org/forgetool/pkg/charts/changelog/patch.go:73.36,76.17 2 0
github.com/trueforge-org/forgetool/pkg/charts/changelog/patch.go:76.17,77.36 1 0
github.com/trueforge-org/forgetool/pkg/charts/changelog/patch.go:77.36,78.13 1 0
github.com/trueforge-org/forgetool/pkg/charts/changelog/patch.go:80.4,80.87 1 0
github.com/trueforge-org/forgetool/pkg/charts/changelog/patch.go:83.3,83.29 1 0
github.com/trueforge-org/forgetool/pkg/charts/changelog/patch.go:83.29,84.12 1 0
github.com/trueforge-org/forgetool/pkg/charts/changelog/patch.go:88.3,88.89 1 0
github.com/trueforge-org/forgetool/pkg/charts/changelog/patch.go:91.2,91.37 1 0
github.com/trueforge-org/forgetool/pkg/charts/changelog/patch.go:94.85,96.38 2 0
github.com/trueforge-org/forgetool/pkg/charts/changelog/patch.go:96.38,97.35 1 0
github.com/trueforge-org/forgetool/pkg/charts/changelog/patch.go:97.35,102.64 2 0
github.com/trueforge-org/forgetool/pkg/charts/changelog/patch.go:102.64,104.13 2 0
github.com/trueforge-org/forgetool/pkg/charts/changelog/patch.go:108.2,108.29 1 0
github.com/trueforge-org/forgetool/pkg/charts/changelog/patch.go:111.129,113.53 1 0
github.com/trueforge-org/forgetool/pkg/charts/changelog/patch.go:113.53,115.17 2 0
github.com/trueforge-org/forgetool/pkg/charts/changelog/patch.go:115.17,117.4 1 0
github.com/trueforge-org/forgetool/pkg/charts/changelog/patch.go:120.3,120.19 1 0
github.com/trueforge-org/forgetool/pkg/charts/changelog/patch.go:120.19,124.12 4 0
github.com/trueforge-org/forgetool/pkg/charts/changelog/patch.go:127.3,128.17 2 0
github.com/trueforge-org/forgetool/pkg/charts/changelog/patch.go:128.17,130.4 1 0
github.com/trueforge-org/forgetool/pkg/charts/changelog/patch.go:131.3,132.17 2 0
github.com/trueforge-org/forgetool/pkg/charts/changelog/patch.go:132.17,134.4 1 0
github.com/trueforge-org/forgetool/pkg/charts/changelog/patch.go:137.3,137.39 1 0
github.com/trueforge-org/forgetool/pkg/charts/changelog/patch.go:137.39,141.12 4 0
github.com/trueforge-org/forgetool/pkg/charts/changelog/patch.go:150.3,152.26 3 0
github.com/trueforge-org/forgetool/pkg/charts/changelog/patch.go:154.2,154.12 1 0
github.com/trueforge-org/forgetool/pkg/charts/changelog/render.go:15.43,21.69 5 0
github.com/trueforge-org/forgetool/pkg/charts/changelog/render.go:21.69,23.3 1 0
github.com/trueforge-org/forgetool/pkg/charts/changelog/render.go:24.2,24.119 1 0
github.com/trueforge-org/forgetool/pkg/charts/changelog/render.go:24.119,26.3 1 0
github.com/trueforge-org/forgetool/pkg/charts/changelog/render.go:28.2,28.43 1 0
github.com/trueforge-org/forgetool/pkg/charts/changelog/render.go:28.43,29.46 1 0
github.com/trueforge-org/forgetool/pkg/charts/changelog/render.go:29.46,31.12 2 0
github.com/trueforge-org/forgetool/pkg/charts/changelog/render.go:34.3,34.55 1 0
github.com/trueforge-org/forgetool/pkg/charts/changelog/render.go:34.55,36.12 2 0
github.com/trueforge-org/forgetool/pkg/charts/changelog/render.go:39.3,40.17 2 0
github.com/trueforge-org/forgetool/pkg/charts/changelog/render.go:40.17,42.4 1 0
github.com/trueforge-org/forgetool/pkg/charts/changelog/render.go:44.3,44.80 1 0
github.com/trueforge-org/forgetool/pkg/charts/changelog/render.go:44.80,46.4 1 0
github.com/trueforge-org/forgetool/pkg/charts/changelog/render.go:47.3,47.69 1 0
github.com/trueforge-org/forgetool/pkg/charts/changelog/render.go:47.69,49.18 2 0
github.com/trueforge-org/forgetool/pkg/charts/changelog/render.go:49.18,51.5 1 0
github.com/trueforge-org/forgetool/pkg/charts/changelog/render.go:54.3,59.17 5 0
github.com/trueforge-org/forgetool/pkg/charts/changelog/render.go:59.17,61.4 1 0
github.com/trueforge-org/forgetool/pkg/charts/changelog/render.go:63.3,64.58 2 0
github.com/trueforge-org/forgetool/pkg/charts/changelog/render.go:64.58,66.4 1 0
github.com/trueforge-org/forgetool/pkg/charts/changelog/render.go:68.3,68.101 1 0
github.com/trueforge-org/forgetool/pkg/charts/changelog/render.go:68.101,70.4 1 0
github.com/trueforge-org/forgetool/pkg/charts/changelog/render.go:73.2,74.12 2 0
github.com/trueforge-org/forgetool/pkg/charts/changelog/utils.go:25.36,30.2 4 0
github.com/trueforge-org/forgetool/pkg/charts/changelog/utils.go:32.67,35.9 3 0
github.com/trueforge-org/forgetool/pkg/charts/changelog/utils.go:35.9,37.3 1 0
github.com/trueforge-org/forgetool/pkg/charts/changelog/utils.go:37.8,39.3 1 0
github.com/trueforge-org/forgetool/pkg/charts/changelog/utils.go:42.64,47.6 5 0
github.com/trueforge-org/forgetool/pkg/charts/changelog/utils.go:47.6,48.10 1 0
github.com/trueforge-org/forgetool/pkg/charts/changelog/utils.go:49.19,50.30 1 0
github.com/trueforge-org/forgetool/pkg/charts/changelog/utils.go:51.15,52.10 1 0
github.com/trueforge-org/forgetool/pkg/charts/changelog/utils.go:57.113,63.55 6 0
github.com/trueforge-org/forgetool/pkg/charts/changelog/utils.go:63.55,65.36 1 0
github.com/trueforge-org/forgetool/pkg/charts/changelog/utils.go:65.36,67.4 1 0
github.com/trueforge-org/forgetool/pkg/charts/changelog/utils.go:69.3,72.13 3 0
github.com/trueforge-org/forgetool/pkg/charts/changelog/utils.go:73.17,74.40 1 0
github.com/trueforge-org/forgetool/pkg/charts/changelog/utils.go:74.40,76.4 1 0
github.com/trueforge-org/forgetool/pkg/charts/changelog/utils.go:79.2,80.21 2 0
github.com/trueforge-org/forgetool/pkg/charts/changelog/utils.go:86.39,89.20 2 0
github.com/trueforge-org/forgetool/pkg/charts/changelog/utils.go:89.20,92.3 2 0
github.com/trueforge-org/forgetool/pkg/charts/changelog/utils.go:93.2,93.17 1 0
github.com/trueforge-org/forgetool/pkg/charts/changelog/utils.go:98.48,100.6 2 0
github.com/trueforge-org/forgetool/pkg/charts/changelog/utils.go:100.6,101.18 1 0
github.com/trueforge-org/forgetool/pkg/charts/changelog/utils.go:101.18,103.4 1 0
github.com/trueforge-org/forgetool/pkg/charts/changelog/utils.go:104.3,104.72 1 0
github.com/trueforge-org/forgetool/pkg/charts/changelog/utils.go:104.72,106.4 1 0
github.com/trueforge-org/forgetool/pkg/charts/changelog/utils.go:108.3,108.28 1 0
github.com/trueforge-org/forgetool/pkg/charts/changelog/utils.go:112.69,114.16 2 0
github.com/trueforge-org/forgetool/pkg/charts/changelog/utils.go:114.16,116.3 1 0
github.com/trueforge-org/forgetool/pkg/charts/changelog/utils.go:117.2,118.16 2 0
github.com/trueforge-org/forgetool/pkg/charts/changelog/utils.go:118.16,120.3 1 0
github.com/trueforge-org/forgetool/pkg/charts/changelog/utils.go:121.2,122.16 2 0
github.com/trueforge-org/forgetool/pkg/charts/changelog/utils.go:122.16,124.3 1 0
github.com/trueforge-org/forgetool/pkg/charts/changelog/utils.go:125.2,125.28 1 0
github.com/trueforge-org/forgetool/pkg/charts/changelog/utils.go:132.49,134.29 2 0
github.com/trueforge-org/forgetool/pkg/charts/changelog/utils.go:134.29,135.42 1 0
github.com/trueforge-org/forgetool/pkg/charts/changelog/utils.go:135.42,138.36 2 0
github.com/trueforge-org/forgetool/pkg/charts/changelog/utils.go:138.36,140.5 1 0
github.com/trueforge-org/forgetool/pkg/charts/changelog/utils.go:141.4,141.19 1 0
github.com/trueforge-org/forgetool/pkg/charts/changelog/utils.go:144.2,144.57 1 0
github.com/trueforge-org/forgetool/pkg/charts/changelog/utils.go:147.40,149.20 2 0
github.com/trueforge-org/forgetool/pkg/charts/changelog/utils.go:149.20,152.3 2 0
github.com/trueforge-org/forgetool/pkg/charts/changelog/utils.go:153.2,153.17 1 0
github.com/trueforge-org/forgetool/partial_builds/precommit/main.go:10.13,11.71 1 0
github.com/trueforge-org/forgetool/partial_builds/precommit/main.go:11.71,14.3 2 0
github.com/trueforge-org/forgetool/cmd/adv.go:23.13,25.2 1 1
github.com/trueforge-org/forgetool/cmd/adv_gentooldocs.go:17.47,21.52 3 0
github.com/trueforge-org/forgetool/cmd/adv_gentooldocs.go:21.52,23.4 1 0
github.com/trueforge-org/forgetool/cmd/adv_gentooldocs.go:25.3,26.17 2 0
github.com/trueforge-org/forgetool/cmd/adv_gentooldocs.go:26.17,28.4 1 0
github.com/trueforge-org/forgetool/cmd/adv_gentooldocs.go:29.3,29.34 1 0
github.com/trueforge-org/forgetool/cmd/adv_gentooldocs.go:33.13,35.2 1 1
github.com/trueforge-org/forgetool/cmd/adv_precommit.go:21.47,22.72 1 0
github.com/trueforge-org/forgetool/cmd/adv_precommit.go:22.72,25.4 2 0
github.com/trueforge-org/forgetool/cmd/adv_precommit.go:29.13,31.2 1 1
github.com/trueforge-org/forgetool/cmd/adv_testcmd.go:25.47,38.42 5 0
github.com/trueforge-org/forgetool/cmd/adv_testcmd.go:38.42,40.66 2 0
github.com/trueforge-org/forgetool/cmd/adv_testcmd.go:40.66,43.5 2 0
github.com/trueforge-org/forgetool/cmd/adv_testcmd.go:48.13,50.2 1 1
github.com/trueforge-org/forgetool/cmd/charts.go:28.13,30.2 1 1
github.com/trueforge-org/forgetool/cmd/charts_bump.go:21.47,22.56 1 0
github.com/trueforge-org/forgetool/cmd/charts_bump.go:22.56,24.4 1 0
github.com/trueforge-org/forgetool/cmd/charts_bump.go:28.13,30.2 1 1
github.com/trueforge-org/forgetool/cmd/charts_deps.go:21.47,22.43 1 0
github.com/trueforge-org/forgetool/cmd/charts_deps.go:22.43,24.4 1 0
github.com/trueforge-org/forgetool/cmd/charts_deps.go:27.3,28.78 2 0
github.com/trueforge-org/forgetool/cmd/charts_deps.go:28.78,30.4 1 0
github.com/trueforge-org/forgetool/cmd/charts_deps.go:34.13,36.2 1 1
github.com/trueforge-org/forgetool/cmd/charts_genchangelog.go:21.47,22.20 1 0
github.com/trueforge-org/forgetool/cmd/charts_genchangelog.go:22.20,24.4 1 0
github.com/trueforge-org/forgetool/cmd/charts_genchangelog.go:25.3,35.41 2 0
github.com/trueforge-org/forgetool/cmd/charts_genchangelog.go:35.41,37.4 1 0
github.com/trueforge-org/forgetool/cmd/charts_genchangelog.go:38.3,38.39 1 0
github.com/trueforge-org/forgetool/cmd/charts_genchangelog.go:38.39,40.4 1 0
github.com/trueforge-org/forgetool/cmd/charts_genchangelog.go:44.13,46.2 1 1
github.com/trueforge-org/forgetool/cmd/charts_genchartlist.go:22.47,28.87 2 0
github.com/trueforge-org/forgetool/cmd/charts_genchartlist.go:28.87,30.4 1 0
github.com/trueforge-org/forgetool/cmd/charts_genchartlist.go:32.3,32.47 1 0
github.com/trueforge-org/forgetool/cmd/charts_genchartlist.go:32.47,34.4 1 0
github.com/trueforge-org/forgetool/cmd/charts_genchartlist.go:39.13,41.2 1 1
github.com/trueforge-org/forgetool/cmd/charts_genmeta.go:24.47,26.85 2 0
github.com/trueforge-org/forgetool/cmd/charts_genmeta.go:26.85,29.4 2 0
github.com/trueforge-org/forgetool/cmd/charts_genmeta.go:33.3,36.17 3 0
github.com/trueforge-org/forgetool/cmd/charts_genmeta.go:36.17,38.4 1 0
github.com/trueforge-org/forgetool/cmd/charts_genmeta.go:42.13,44.2 1 1
github.com/trueforge-org/forgetool/cmd/charts_tagclean.go:22.47,24.17 2 0
github.com/trueforge-org/forgetool/cmd/charts_tagclean.go:24.17,26.4 1 0
github.com/trueforge-org/forgetool/cmd/charts_tagclean.go:30.13,32.2 1 1
github.com/trueforge-org/forgetool/cmd/checkcrypt.go:25.47,26.74 1 0
github.com/trueforge-org/forgetool/cmd/checkcrypt.go:26.74,29.4 2 0
github.com/trueforge-org/forgetool/cmd/checkcrypt.go:33.13,35.2 1 1
github.com/trueforge-org/forgetool/cmd/cluster.go:23.13,25.2 1 1
github.com/trueforge-org/forgetool/cmd/cluster_genconfig.go:24.47,27.3 1 0
github.com/trueforge-org/forgetool/cmd/cluster_genconfig.go:30.13,32.2 1 1
github.com/trueforge-org/forgetool/cmd/cluster_init.go:25.47,30.3 2 0
github.com/trueforge-org/forgetool/cmd/cluster_init.go:33.13,35.2 1 1
github.com/trueforge-org/forgetool/cmd/decrypt.go:22.47,23.45 1 0
github.com/trueforge-org/forgetool/cmd/decrypt.go:23.45,25.4 1 0
github.com/trueforge-org/forgetool/cmd/decrypt.go:29.13,31.2 1 1
github.com/trueforge-org/forgetool/cmd/encrypt.go:22.47,23.48 1 0
github.com/trueforge-org/forgetool/cmd/encrypt.go:23.48,25.4 1 0
github.com/trueforge-org/forgetool/cmd/encrypt.go:29.13,31.2 1 1
github.com/trueforge-org/forgetool/cmd/flux.go:24.13,26.2 1 1
github.com/trueforge-org/forgetool/cmd/flux_bootstrap.go:23.47,26.45 2 0
github.com/trueforge-org/forgetool/cmd/flux_bootstrap.go:26.45,28.4 1 0
github.com/trueforge-org/forgetool/cmd/flux_bootstrap.go:29.3,30.33 2 0
github.com/trueforge-org/forgetool/cmd/flux_bootstrap.go:34.13,36.2 1 1
github.com/trueforge-org/forgetool/cmd/helmrelease.go:24.13,26.2 1 1
github.com/trueforge-org/forgetool/cmd/helmrelease_install.go:21.47,27.95 3 0
github.com/trueforge-org/forgetool/cmd/helmrelease_install.go:27.95,29.4 1 0
github.com/trueforge-org/forgetool/cmd/helmrelease_install.go:29.9,31.4 1 0
github.com/trueforge-org/forgetool/cmd/helmrelease_install.go:32.3,38.66 4 0
github.com/trueforge-org/forgetool/cmd/helmrelease_install.go:42.13,44.2 1 1
github.com/trueforge-org/forgetool/cmd/helmrelease_upgrade.go:22.47,28.95 3 0
github.com/trueforge-org/forgetool/cmd/helmrelease_upgrade.go:28.95,30.4 1 0
github.com/trueforge-org/forgetool/cmd/helmrelease_upgrade.go:30.9,32.4 1 0
github.com/trueforge-org/forgetool/cmd/helmrelease_upgrade.go:33.3,39.66 4 0
github.com/trueforge-org/forgetool/cmd/helmrelease_upgrade.go:43.13,45.2 1 1
github.com/trueforge-org/forgetool/cmd/info.go:28.47,30.3 1 0
github.com/trueforge-org/forgetool/cmd/info.go:33.13,35.2 1 1
github.com/trueforge-org/forgetool/cmd/root.go:23.13,26.2 1 1
github.com/trueforge-org/forgetool/cmd/root.go:28.22,33.30 2 0
github.com/trueforge-org/forgetool/cmd/root.go:33.30,43.3 9 0
github.com/trueforge-org/forgetool/cmd/root.go:46.2,46.26 1 0
github.com/trueforge-org/forgetool/cmd/talos.go:24.13,26.2 1 1
github.com/trueforge-org/forgetool/cmd/talos_apply.go:53.47,57.20 3 0
github.com/trueforge-org/forgetool/cmd/talos_apply.go:57.20,59.4 1 0
github.com/trueforge-org/forgetool/cmd/talos_apply.go:60.3,60.21 1 0
github.com/trueforge-org/forgetool/cmd/talos_apply.go:60.21,62.24 2 0
github.com/trueforge-org/forgetool/cmd/talos_apply.go:62.24,64.5 1 0
github.com/trueforge-org/forgetool/cmd/talos_apply.go:67.3,67.45 1 0
github.com/trueforge-org/forgetool/cmd/talos_apply.go:67.45,69.4 1 0
github.com/trueforge-org/forgetool/cmd/talos_apply.go:71.3,77.17 6 0
github.com/trueforge-org/forgetool/cmd/talos_apply.go:77.18,79.4 0 0
github.com/trueforge-org/forgetool/cmd/talos_apply.go:79.9,79.37 1 0
github.com/trueforge-org/forgetool/cmd/talos_apply.go:79.37,81.18 2 0
github.com/trueforge-org/forgetool/cmd/talos_apply.go:81.19,83.5 0 0
github.com/trueforge-org/forgetool/cmd/talos_apply.go:83.10,83.30 1 0
github.com/trueforge-org/forgetool/cmd/talos_apply.go:83.30,85.76 2 0
github.com/trueforge-org/forgetool/cmd/talos_apply.go:85.76,87.114 2 0
github.com/trueforge-org/forgetool/cmd/talos_apply.go:87.114,89.7 1 0
github.com/trueforge-org/forgetool/cmd/talos_apply.go:90.11,92.6 1 0
github.com/trueforge-org/forgetool/cmd/talos_apply.go:94.10,98.5 3 0
github.com/trueforge-org/forgetool/cmd/talos_apply.go:100.9,100.33 1 0
github.com/trueforge-org/forgetool/cmd/talos_apply.go:100.33,103.4 2 0
github.com/trueforge-org/forgetool/cmd/talos_apply.go:107.65,111.16 3 0
github.com/trueforge-org/forgetool/cmd/talos_apply.go:111.16,114.3 2 0
github.com/trueforge-org/forgetool/cmd/talos_apply.go:121.13,123.2 1 1
github.com/trueforge-org/forgetool/cmd/talos_bootstrap.go:25.55,26.121 1 0
github.com/trueforge-org/forgetool/cmd/talos_bootstrap.go:26.121,30.3 3 0
github.com/trueforge-org/forgetool/cmd/talos_bootstrap.go:30.8,33.3 2 0
github.com/trueforge-org/forgetool/cmd/talos_bootstrap.go:36.13,38.2 1 1
github.com/trueforge-org/forgetool/cmd/talos_health.go:24.47,25.45 1 0
github.com/trueforge-org/forgetool/cmd/talos_health.go:25.45,27.4 1 0
github.com/trueforge-org/forgetool/cmd/talos_health.go:28.3,32.31 5 0
github.com/trueforge-org/forgetool/cmd/talos_health.go:36.13,38.2 1 1
github.com/trueforge-org/forgetool/cmd/talos_kubeconfig.go:24.47,28.20 3 0
github.com/trueforge-org/forgetool/cmd/talos_kubeconfig.go:28.20,30.4 1 0
github.com/trueforge-org/forgetool/cmd/talos_kubeconfig.go:31.3,31.21 1 0
github.com/trueforge-org/forgetool/cmd/talos_kubeconfig.go:31.21,33.24 2 0
github.com/trueforge-org/forgetool/cmd/talos_kubeconfig.go:33.24,35.5 1 0
github.com/trueforge-org/forgetool/cmd/talos_kubeconfig.go:38.3,38.45 1 0
github.com/trueforge-org/forgetool/cmd/talos_kubeconfig.go:38.45,40.4 1 0
github.com/trueforge-org/forgetool/cmd/talos_kubeconfig.go:41.3,46.35 5 0
github.com/trueforge-org/forgetool/cmd/talos_kubeconfig.go:51.13,53.2 1 1
github.com/trueforge-org/forgetool/cmd/talos_reset.go:23.47,27.20 3 0
github.com/trueforge-org/forgetool/cmd/talos_reset.go:27.20,29.4 1 0
github.com/trueforge-org/forgetool/cmd/talos_reset.go:30.3,30.21 1 0
github.com/trueforge-org/forgetool/cmd/talos_reset.go:30.21,32.24 2 0
github.com/trueforge-org/forgetool/cmd/talos_reset.go:32.24,34.5 1 0
github.com/trueforge-org/forgetool/cmd/talos_reset.go:37.3,37.45 1 0
github.com/trueforge-org/forgetool/cmd/talos_reset.go:37.45,39.4 1 0
github.com/trueforge-org/forgetool/cmd/talos_reset.go:40.3,46.35 5 0
github.com/trueforge-org/forgetool/cmd/talos_reset.go:51.13,53.2 1 1
github.com/trueforge-org/forgetool/cmd/talos_upgrade.go:28.47,32.20 3 0
github.com/trueforge-org/forgetool/cmd/talos_upgrade.go:32.20,34.4 1 0
github.com/trueforge-org/forgetool/cmd/talos_upgrade.go:35.3,35.21 1 0
github.com/trueforge-org/forgetool/cmd/talos_upgrade.go:35.21,37.24 2 0
github.com/trueforge-org/forgetool/cmd/talos_upgrade.go:37.24,39.5 1 0
github.com/trueforge-org/forgetool/cmd/talos_upgrade.go:42.3,42.45 1 0
github.com/trueforge-org/forgetool/cmd/talos_upgrade.go:42.45,44.4 1 0
github.com/trueforge-org/forgetool/cmd/talos_upgrade.go:45.3,59.36 11 0
github.com/trueforge-org/forgetool/cmd/talos_upgrade.go:64.13,66.2 1 1
github.com/trueforge-org/forgetool/pkg/charts/chartFile/chart_file.go:82.32,86.2 1 30
github.com/trueforge-org/forgetool/pkg/charts/chartFile/chart_file.go:89.57,91.73 1 8
github.com/trueforge-org/forgetool/pkg/charts/chartFile/chart_file.go:91.73,93.3 1 2
github.com/trueforge-org/forgetool/pkg/charts/chartFile/chart_file.go:96.2,96.55 1 6
github.com/trueforge-org/forgetool/pkg/charts/chartFile/chart_file.go:96.55,98.3 1 1
github.com/trueforge-org/forgetool/pkg/charts/chartFile/chart_file.go:101.2,106.52 3 5
github.com/trueforge-org/forgetool/pkg/charts/chartFile/chart_file.go:106.52,108.3 1 1
github.com/trueforge-org/forgetool/pkg/charts/chartFile/chart_file.go:110.2,110.12 1 4
github.com/trueforge-org/forgetool/pkg/charts/chartFile/chart_file.go:114.40,131.35 10 6
github.com/trueforge-org/forgetool/pkg/charts/chartFile/chart_file.go:131.35,133.3 1 6
github.com/trueforge-org/forgetool/pkg/charts/chartFile/chart_file.go:135.2,139.59 5 6
github.com/trueforge-org/forgetool/pkg/charts/chartFile/chart_file.go:145.55,150.52 2 3
github.com/trueforge-org/forgetool/pkg/charts/chartFile/chart_file.go:150.52,152.3 1 1
github.com/trueforge-org/forgetool/pkg/charts/chartFile/chart_file.go:154.2,156.16 3 2
github.com/trueforge-org/forgetool/pkg/charts/chartFile/chart_file.go:156.16,158.3 1 0
github.com/trueforge-org/forgetool/pkg/charts/chartFile/chart_file.go:161.2,162.16 2 2
github.com/trueforge-org/forgetool/pkg/charts/chartFile/chart_file.go:162.16,164.3 1 1
github.com/trueforge-org/forgetool/pkg/charts/chartFile/chart_file.go:166.2,166.12 1 1
github.com/trueforge-org/forgetool/pkg/charts/chartFile/chart_file.go:170.66,171.67 1 33
github.com/trueforge-org/forgetool/pkg/charts/chartFile/chart_file.go:171.67,173.3 1 32
github.com/trueforge-org/forgetool/pkg/charts/chartFile/chart_file.go:177.38,178.28 1 8
github.com/trueforge-org/forgetool/pkg/charts/chartFile/chart_file.go:178.28,180.3 1 7
github.com/trueforge-org/forgetool/pkg/charts/chartFile/chart_file.go:184.42,185.27 1 8
github.com/trueforge-org/forgetool/pkg/charts/chartFile/chart_file.go:185.27,187.3 1 2
github.com/trueforge-org/forgetool/pkg/charts/chartFile/chart_file.go:191.42,192.27 1 8
github.com/trueforge-org/forgetool/pkg/charts/chartFile/chart_file.go:192.27,194.3 1 2
github.com/trueforge-org/forgetool/pkg/charts/chartFile/chart_file.go:198.56,199.34 1 8
github.com/trueforge-org/forgetool/pkg/charts/chartFile/chart_file.go:199.34,201.3 1 2
github.com/trueforge-org/forgetool/pkg/charts/chartFile/chart_file.go:205.54,206.33 1 8
github.com/trueforge-org/forgetool/pkg/charts/chartFile/chart_file.go:206.33,208.3 1 2
github.com/trueforge-org/forgetool/pkg/charts/chartFile/chart_file.go:212.43,213.27 1 8
github.com/trueforge-org/forgetool/pkg/charts/chartFile/chart_file.go:213.27,215.3 1 7
github.com/trueforge-org/forgetool/pkg/charts/chartFile/chart_file.go:219.54,221.2 1 8
github.com/trueforge-org/forgetool/pkg/charts/chartFile/chart_file.go:224.56,226.2 1 8
github.com/trueforge-org/forgetool/pkg/charts/chartFile/chart_file.go:229.60,232.2 2 8
github.com/trueforge-org/forgetool/pkg/charts/chartFile/updater.go:18.60,20.16 2 0
github.com/trueforge-org/forgetool/pkg/charts/chartFile/updater.go:20.16,22.3 1 0
github.com/trueforge-org/forgetool/pkg/charts/chartFile/updater.go:24.2,25.22 2 0
github.com/trueforge-org/forgetool/pkg/charts/chartFile/updater.go:25.22,27.3 1 0
github.com/trueforge-org/forgetool/pkg/charts/chartFile/updater.go:29.2,31.54 3 0
github.com/trueforge-org/forgetool/pkg/charts/chartFile/updater.go:31.54,33.3 1 0
github.com/trueforge-org/forgetool/pkg/charts/chartFile/updater.go:35.2,35.39 1 0
github.com/trueforge-org/forgetool/pkg/charts/chartFile/updater.go:35.39,37.3 1 0
github.com/trueforge-org/forgetool/pkg/charts/chartFile/updater.go:39.2,44.101 4 0
github.com/trueforge-org/forgetool/pkg/charts/chartFile/updater.go:44.101,46.3 1 0
github.com/trueforge-org/forgetool/pkg/charts/chartFile/updater.go:47.2,50.43 3 0
github.com/trueforge-org/forgetool/pkg/charts/chartFile/updater.go:50.43,52.3 1 0
github.com/trueforge-org/forgetool/pkg/charts/chartFile/updater.go:55.2,55.64 1 0
github.com/trueforge-org/forgetool/pkg/charts/chartFile/updater.go:55.64,57.3 1 0
github.com/trueforge-org/forgetool/pkg/charts/chartFile/updater.go:60.2,60.77 1 0
github.com/trueforge-org/forgetool/pkg/charts/chartFile/updater.go:60.77,63.17 3 0
github.com/trueforge-org/forgetool/pkg/charts/chartFile/updater.go:63.17,65.4 1 0
github.com/trueforge-org/forgetool/pkg/charts/chartFile/updater.go:66.3,66.38 1 0
github.com/trueforge-org/forgetool/pkg/charts/chartFile/updater.go:70.2,70.52 1 0
github.com/trueforge-org/forgetool/pkg/charts/chartFile/updater.go:70.52,72.3 1 0
github.com/trueforge-org/forgetool/pkg/charts/chartFile/updater.go:74.2,77.25 3 0
github.com/trueforge-org/forgetool/pkg/charts/chartFile/updater.go:77.25,79.3 1 0
github.com/trueforge-org/forgetool/pkg/charts/chartFile/updater.go:82.2,83.22 2 0
github.com/trueforge-org/forgetool/pkg/charts/chartFile/updater.go:83.22,86.3 2 0
github.com/trueforge-org/forgetool/pkg/charts/chartFile/updater.go:89.2,90.26 2 0
github.com/trueforge-org/forgetool/pkg/charts/chartFile/updater.go:90.26,93.3 2 0
github.com/trueforge-org/forgetool/pkg/charts/chartFile/updater.go:94.2,94.12 1 0
github.com/trueforge-org/forgetool/pkg/charts/chartFile/updater.go:97.83,99.13 2 2
github.com/trueforge-org/forgetool/pkg/charts/chartFile/updater.go:99.13,102.3 2 1
github.com/trueforge-org/forgetool/pkg/charts/chartFile/updater.go:104.2,105.50 2 1
github.com/trueforge-org/forgetool/pkg/charts/chartFile/updater.go:109.55,116.21 2 3
github.com/trueforge-org/forgetool/pkg/charts/chartFile/updater.go:116.21,118.3 1 1
github.com/trueforge-org/forgetool/pkg/charts/chartFile/updater.go:122.2,123.11 2 2
github.com/trueforge-org/forgetool/pkg/charts/chartFile/updater.go:126.58,130.17 2 3
github.com/trueforge-org/forgetool/pkg/charts/chartFile/updater.go:130.17,132.79 1 2
github.com/trueforge-org/forgetool/pkg/charts/chartFile/updater.go:132.79,134.4 1 1
github.com/trueforge-org/forgetool/pkg/charts/chartFile/updater.go:134.9,137.4 2 1
github.com/trueforge-org/forgetool/pkg/charts/chartFile/updater.go:140.2,140.14 1 3
github.com/trueforge-org/forgetool/pkg/charts/chartFile/updater.go:143.50,147.2 3 1
github.com/trueforge-org/forgetool/pkg/charts/chartFile/updater.go:150.79,155.48 2 1
github.com/trueforge-org/forgetool/pkg/charts/chartFile/updater.go:155.48,169.42 1 16
github.com/trueforge-org/forgetool/pkg/charts/chartFile/updater.go:169.42,170.20 1 3
github.com/trueforge-org/forgetool/pkg/charts/chartFile/updater.go:170.20,173.5 2 2
github.com/trueforge-org/forgetool/pkg/charts/chartFile/updater.go:178.2,187.40 6 1
github.com/trueforge-org/forgetool/pkg/charts/chartFile/updater.go:187.40,189.19 1 6
github.com/trueforge-org/forgetool/pkg/charts/chartFile/updater.go:189.19,190.12 1 1
github.com/trueforge-org/forgetool/pkg/charts/chartFile/updater.go:193.3,193.55 1 5
github.com/trueforge-org/forgetool/pkg/charts/chartFile/updater.go:193.55,194.12 1 1
github.com/trueforge-org/forgetool/pkg/charts/chartFile/updater.go:198.3,199.46 2 4
github.com/trueforge-org/forgetool/pkg/charts/chartFile/updater.go:203.2,208.12 3 1
github.com/trueforge-org/forgetool/pkg/charts/info/info.go:20.22,27.35 3 0
github.com/trueforge-org/forgetool/pkg/charts/info/info.go:27.35,28.17 1 0
github.com/trueforge-org/forgetool/pkg/charts/info/info.go:29.17,30.26 1 0
github.com/trueforge-org/forgetool/pkg/charts/info/info.go:31.15,32.24 1 0
github.com/trueforge-org/forgetool/pkg/charts/info/info.go:33.22,34.30 1 0
github.com/trueforge-org/forgetool/pkg/charts/info/info.go:35.23,36.29 1 0
github.com/trueforge-org/forgetool/pkg/charts/info/info.go:37.19,38.56 1 0
github.com/trueforge-org/forgetool/pkg/charts/info/info.go:39.23,40.38 1 0
github.com/trueforge-org/forgetool/pkg/charts/info/info.go:44.2,44.13 1 0
github.com/trueforge-org/forgetool/pkg/charts/info/info.go:47.24,61.2 1 0
github.com/trueforge-org/forgetool/pkg/charts/helmignore/helmignore.go:11.70,18.16 4 0
github.com/trueforge-org/forgetool/pkg/charts/helmignore/helmignore.go:18.16,20.3 1 0
github.com/trueforge-org/forgetool/pkg/charts/helmignore/helmignore.go:23.2,24.16 2 0
github.com/trueforge-org/forgetool/pkg/charts/helmignore/helmignore.go:24.16,26.3 1 0
github.com/trueforge-org/forgetool/pkg/charts/helmignore/helmignore.go:28.2,29.12 2 0
github.com/trueforge-org/forgetool/pkg/charts/image/cleanup.go:32.43,35.15 2 46
github.com/trueforge-org/forgetool/pkg/charts/image/cleanup.go:35.15,37.3 1 2
github.com/trueforge-org/forgetool/pkg/charts/image/cleanup.go:40.2,44.36 3 44
github.com/trueforge-org/forgetool/pkg/charts/image/cleanup.go:44.36,46.3 1 23
github.com/trueforge-org/forgetool/pkg/charts/image/cleanup.go:48.2,48.9 1 21
github.com/trueforge-org/forgetool/pkg/charts/image/cleanup.go:49.39,50.26 1 1
github.com/trueforge-org/forgetool/pkg/charts/image/cleanup.go:51.36,52.23 1 2
github.com/trueforge-org/forgetool/pkg/charts/image/cleanup.go:53.50,54.37 1 1
github.com/trueforge-org/forgetool/pkg/charts/image/cleanup.go:55.44,56.31 1 2
github.com/trueforge-org/forgetool/pkg/charts/image/cleanup.go:57.48,58.35 1 3
github.com/trueforge-org/forgetool/pkg/charts/image/cleanup.go:59.53,60.39 1 1
github.com/trueforge-org/forgetool/pkg/charts/image/cleanup.go:61.45,62.32 1 5
github.com/trueforge-org/forgetool/pkg/charts/image/cleanup.go:68.2,68.32 1 21
github.com/trueforge-org/forgetool/pkg/charts/image/cleanup.go:68.32,70.10 2 4
github.com/trueforge-org/forgetool/pkg/charts/image/cleanup.go:71.44,72.18 1 2
github.com/trueforge-org/forgetool/pkg/charts/image/cleanup.go:73.54,74.18 1 2
github.com/trueforge-org/forgetool/pkg/charts/image/cleanup.go:79.2,79.46 1 21
github.com/trueforge-org/forgetool/pkg/charts/image/cleanup.go:79.46,81.3 1 16
github.com/trueforge-org/forgetool/pkg/charts/image/cleanup.go:83.2,83.50 1 21
github.com/trueforge-org/forgetool/pkg/charts/image/cleanup.go:83.50,85.3 1 1
github.com/trueforge-org/forgetool/pkg/charts/image/cleanup.go:87.2,87.37 1 20
github.com/trueforge-org/forgetool/pkg/charts/image/cleanup.go:87.37,89.3 1 6
github.com/trueforge-org/forgetool/pkg/charts/image/cleanup.go:92.2,92.17 1 20
github.com/trueforge-org/forgetool/pkg/charts/image/cleanup.go:95.30,98.16 2 0
github.com/trueforge-org/forgetool/pkg/charts/image/cleanup.go:98.16,100.3 1 0
github.com/trueforge-org/forgetool/pkg/charts/image/cleanup.go:102.2,103.12 2 0
github.com/trueforge-org/forgetool/pkg/charts/image/cleanup.go:106.45,107.62 1 23
github.com/trueforge-org/forgetool/pkg/charts/image/cleanup.go:107.62,109.3 1 2
github.com/trueforge-org/forgetool/pkg/charts/image/cleanup.go:110.2,110.12 1 21
github.com/trueforge-org/forgetool/pkg/charts/image/cleanup.go:115.51,117.2 1 1
github.com/trueforge-org/forgetool/pkg/charts/image/cleanup.go:121.38,127.2 4 1
github.com/trueforge-org/forgetool/pkg/charts/image/cleanup.go:131.35,135.2 2 2
github.com/trueforge-org/forgetool/pkg/charts/image/cleanup.go:139.43,142.25 3 2
github.com/trueforge-org/forgetool/pkg/charts/image/cleanup.go:142.25,144.3 1 5
github.com/trueforge-org/forgetool/pkg/charts/image/cleanup.go:145.2,145.21 1 2
github.com/trueforge-org/forgetool/pkg/charts/image/cleanup.go:145.21,147.3 1 1
github.com/trueforge-org/forgetool/pkg/charts/image/cleanup.go:148.2,150.12 2 2
github.com/trueforge-org/forgetool/pkg/charts/image/cleanup.go:156.47,158.9 2 19
github.com/trueforge-org/forgetool/pkg/charts/image/cleanup.go:159.23,160.19 1 2
github.com/trueforge-org/forgetool/pkg/charts/image/cleanup.go:161.23,162.21 1 1
github.com/trueforge-org/forgetool/pkg/charts/image/cleanup.go:165.2,165.12 1 19
github.com/trueforge-org/forgetool/pkg/charts/image/cleanup.go:170.44,172.2 1 49
github.com/trueforge-org/forgetool/pkg/charts/image/cleanup.go:176.34,178.2 1 44
github.com/trueforge-org/forgetool/pkg/charts/image/cleanup.go:182.49,187.2 3 1
github.com/trueforge-org/forgetool/pkg/charts/image/image.go:31.56,36.73 2 4
github.com/trueforge-org/forgetool/pkg/charts/image/image.go:36.73,38.3 1 1
github.com/trueforge-org/forgetool/pkg/charts/image/image.go:41.2,43.27 3 3
github.com/trueforge-org/forgetool/pkg/charts/image/image.go:43.27,46.50 2 18
github.com/trueforge-org/forgetool/pkg/charts/image/image.go:46.50,48.4 1 0
github.com/trueforge-org/forgetool/pkg/charts/image/image.go:51.3,55.17 3 18
github.com/trueforge-org/forgetool/pkg/charts/image/image.go:55.17,57.4 1 0
github.com/trueforge-org/forgetool/pkg/charts/image/image.go:59.3,62.25 2 18
github.com/trueforge-org/forgetool/pkg/charts/image/image.go:65.2,65.12 1 3
github.com/trueforge-org/forgetool/pkg/charts/image/image.go:68.56,74.27 2 3
github.com/trueforge-org/forgetool/pkg/charts/image/image.go:74.27,75.29 1 19
github.com/trueforge-org/forgetool/pkg/charts/image/image.go:75.29,77.12 2 1
github.com/trueforge-org/forgetool/pkg/charts/image/image.go:80.3,80.34 1 18
github.com/trueforge-org/forgetool/pkg/charts/image/image.go:80.34,82.4 1 18
github.com/trueforge-org/forgetool/pkg/charts/image/image.go:85.2,85.21 1 3
github.com/trueforge-org/forgetool/pkg/charts/image/image.go:89.46,92.9 2 18
github.com/trueforge-org/forgetool/pkg/charts/image/image.go:93.61,95.58 2 1
github.com/trueforge-org/forgetool/pkg/charts/image/image.go:96.74,98.83 2 0
github.com/trueforge-org/forgetool/pkg/charts/image/image.go:99.59,101.68 2 1
github.com/trueforge-org/forgetool/pkg/charts/image/image.go:102.56,104.65 2 2
github.com/trueforge-org/forgetool/pkg/charts/image/image.go:105.49,106.22 1 1
github.com/trueforge-org/forgetool/pkg/charts/image/image.go:107.49,108.22 1 1
github.com/trueforge-org/forgetool/pkg/charts/image/image.go:109.48,110.22 1 1
github.com/trueforge-org/forgetool/pkg/charts/image/image.go:111.52,114.51 3 1
github.com/trueforge-org/forgetool/pkg/charts/image/image.go:115.49,116.14 1 1
github.com/trueforge-org/forgetool/pkg/charts/image/image.go:117.10,126.87 6 9
github.com/trueforge-org/forgetool/pkg/charts/image/image.go:126.87,129.4 2 2
github.com/trueforge-org/forgetool/pkg/charts/image/image.go:132.3,133.18 2 9
github.com/trueforge-org/forgetool/pkg/charts/image/image.go:133.18,136.4 2 2
github.com/trueforge-org/forgetool/pkg/charts/image/image.go:139.2,139.18 1 18
github.com/trueforge-org/forgetool/pkg/charts/image/image.go:139.18,142.3 2 3
github.com/trueforge-org/forgetool/pkg/charts/image/image.go:144.2,145.21 2 15
github.com/trueforge-org/forgetool/pkg/charts/deps/deps.go:19.25,21.64 2 0
github.com/trueforge-org/forgetool/pkg/charts/deps/deps.go:21.64,23.3 1 0
github.com/trueforge-org/forgetool/pkg/charts/deps/deps.go:25.2,27.62 3 0
github.com/trueforge-org/forgetool/pkg/charts/deps/deps.go:27.62,29.3 1 0
github.com/trueforge-org/forgetool/pkg/charts/deps/deps.go:31.2,33.62 3 0
github.com/trueforge-org/forgetool/pkg/charts/deps/deps.go:33.62,35.3 1 0
github.com/trueforge-org/forgetool/pkg/charts/deps/deps.go:37.2,38.12 2 0
github.com/trueforge-org/forgetool/pkg/charts/deps/deps.go:41.50,43.16 2 0
github.com/trueforge-org/forgetool/pkg/charts/deps/deps.go:43.16,46.3 2 0
github.com/trueforge-org/forgetool/pkg/charts/deps/deps.go:47.2,50.16 3 0
github.com/trueforge-org/forgetool/pkg/charts/deps/deps.go:50.16,53.3 2 0
github.com/trueforge-org/forgetool/pkg/charts/deps/deps.go:55.2,56.16 2 0
github.com/trueforge-org/forgetool/pkg/charts/deps/deps.go:56.16,59.3 2 0
github.com/trueforge-org/forgetool/pkg/charts/deps/deps.go:61.2,61.12 1 0
github.com/trueforge-org/forgetool/pkg/charts/deps/deps.go:65.72,67.39 2 0
github.com/trueforge-org/forgetool/pkg/charts/deps/deps.go:67.39,70.3 2 0
github.com/trueforge-org/forgetool/pkg/charts/deps/deps.go:72.2,72.45 1 0
github.com/trueforge-org/forgetool/pkg/charts/deps/deps.go:72.45,75.3 2 0
github.com/trueforge-org/forgetool/pkg/charts/deps/deps.go:77.2,81.16 3 0
github.com/trueforge-org/forgetool/pkg/charts/deps/deps.go:81.16,83.3 1 0
github.com/trueforge-org/forgetool/pkg/charts/deps/deps.go:86.2,88.16 3 0
github.com/trueforge-org/forgetool/pkg/charts/deps/deps.go:88.16,90.3 1 0
github.com/trueforge-org/forgetool/pkg/charts/deps/deps.go:92.2,94.12 2 0
github.com/trueforge-org/forgetool/pkg/charts/deps/deps.go:98.102,100.45 2 0
github.com/trueforge-org/forgetool/pkg/charts/deps/deps.go:100.45,103.3 2 0
github.com/trueforge-org/forgetool/pkg/charts/deps/deps.go:105.2,109.63 3 0
github.com/trueforge-org/forgetool/pkg/charts/deps/deps.go:109.63,111.3 1 0
github.com/trueforge-org/forgetool/pkg/charts/deps/deps.go:114.2,115.87 2 0
github.com/trueforge-org/forgetool/pkg/charts/deps/deps.go:115.87,117.3 1 0
github.com/trueforge-org/forgetool/pkg/charts/deps/deps.go:119.2,119.45 1 0
github.com/trueforge-org/forgetool/pkg/charts/deps/deps.go:119.45,121.3 1 0
github.com/trueforge-org/forgetool/pkg/charts/deps/deps.go:121.8,123.3 1 0
github.com/trueforge-org/forgetool/pkg/charts/deps/deps.go:125.2,125.12 1 0
github.com/trueforge-org/forgetool/pkg/charts/deps/deps.go:129.105,137.69 5 0
github.com/trueforge-org/forgetool/pkg/charts/deps/deps.go:137.69,139.3 1 0
github.com/trueforge-org/forgetool/pkg/charts/deps/deps.go:141.2,141.66 1 0
github.com/trueforge-org/forgetool/pkg/charts/deps/deps.go:141.66,143.3 1 0
github.com/trueforge-org/forgetool/pkg/charts/deps/deps.go:145.2,146.12 2 0
github.com/trueforge-org/forgetool/pkg/charts/deps/deps.go:149.63,154.16 4 0
github.com/trueforge-org/forgetool/pkg/charts/deps/deps.go:154.16,156.3 1 0
github.com/trueforge-org/forgetool/pkg/charts/deps/deps.go:158.2,163.69 4 0
github.com/trueforge-org/forgetool/pkg/charts/deps/deps.go:163.69,165.3 1 0
github.com/trueforge-org/forgetool/pkg/charts/deps/deps.go:168.2,168.54 1 0
github.com/trueforge-org/forgetool/pkg/charts/deps/deps.go:168.54,182.68 11 0
github.com/trueforge-org/forgetool/pkg/charts/deps/deps.go:182.68,184.4 1 0
github.com/trueforge-org/forgetool/pkg/charts/deps/deps.go:186.3,186.64 1 0
github.com/trueforge-org/forgetool/pkg/charts/deps/deps.go:186.64,188.4 1 0
github.com/trueforge-org/forgetool/pkg/charts/deps/deps.go:190.3,190.80 1 0
github.com/trueforge-org/forgetool/pkg/charts/deps/deps.go:190.80,192.4 1 0
github.com/trueforge-org/forgetool/pkg/charts/deps/deps.go:194.3,194.83 1 0
github.com/trueforge-org/forgetool/pkg/charts/deps/deps.go:194.83,196.4 1 0
github.com/trueforge-org/forgetool/pkg/charts/deps/deps.go:198.3,198.46 1 0
github.com/trueforge-org/forgetool/pkg/charts/deps/deps.go:201.2,202.12 2 0
github.com/trueforge-org/forgetool/pkg/charts/readme/readme.go:12.98,19.16 4 0
github.com/trueforge-org/forgetool/pkg/charts/readme/readme.go:19.16,21.3 1 0
github.com/trueforge-org/forgetool/pkg/charts/readme/readme.go:24.2,29.16 4 0
github.com/trueforge-org/forgetool/pkg/charts/readme/readme.go:29.16,31.3 1 0
github.com/trueforge-org/forgetool/pkg/charts/readme/readme.go:33.2,34.12 2 0
github.com/trueforge-org/forgetool/pkg/charts/valuesYaml/parse.go:56.34,60.2 1 0
github.com/trueforge-org/forgetool/pkg/charts/valuesYaml/parse.go:63.58,64.16 1 0
github.com/trueforge-org/forgetool/pkg/charts/valuesYaml/parse.go:64.16,66.3 1 0
github.com/trueforge-org/forgetool/pkg/charts/valuesYaml/parse.go:68.2,68.73 1 0
github.com/trueforge-org/forgetool/pkg/charts/valuesYaml/parse.go:68.73,70.3 1 0
github.com/trueforge-org/forgetool/pkg/charts/valuesYaml/parse.go:73.2,73.53 1 0
github.com/trueforge-org/forgetool/pkg/charts/valuesYaml/parse.go:73.53,75.3 1 0
github.com/trueforge-org/forgetool/pkg/charts/valuesYaml/parse.go:82.2,90.12 2 0
github.com/trueforge-org/forgetool/pkg/charts/valuesYaml/parse.go:94.42,96.2 0 0
github.com/trueforge-org/forgetool/pkg/charts/valuesYaml/parse.go:99.56,102.16 2 0
github.com/trueforge-org/forgetool/pkg/charts/valuesYaml/parse.go:102.16,104.3 1 0
github.com/trueforge-org/forgetool/pkg/charts/valuesYaml/parse.go:107.2,108.16 2 0
github.com/trueforge-org/forgetool/pkg/charts/valuesYaml/parse.go:108.16,110.3 1 0
github.com/trueforge-org/forgetool/pkg/charts/valuesYaml/parse.go:112.2,112.12 1 0
github.com/trueforge-org/forgetool/pkg/charts/valuesYaml/updater.go:12.62,17.16 4 0
github.com/trueforge-org/forgetool/pkg/charts/valuesYaml/updater.go:17.16,19.3 1 0
github.com/trueforge-org/forgetool/pkg/charts/valuesYaml/updater.go:21.2,21.22 1 0
github.com/trueforge-org/forgetool/pkg/charts/valuesYaml/updater.go:21.22,23.3 1 0
github.com/trueforge-org/forgetool/pkg/charts/valuesYaml/updater.go:23.8,26.3 1 0
github.com/trueforge-org/forgetool/pkg/charts/valuesYaml/updater.go:27.2,31.56 4 0
github.com/trueforge-org/forgetool/pkg/charts/valuesYaml/updater.go:31.56,34.3 2 0
github.com/trueforge-org/forgetool/pkg/charts/valuesYaml/updater.go:37.2,37.54 1 0
github.com/trueforge-org/forgetool/pkg/charts/valuesYaml/updater.go:37.54,39.3 1 0
github.com/trueforge-org/forgetool/pkg/charts/valuesYaml/updater.go:41.2,43.12 2 0
github.com/trueforge-org/forgetool/pkg/charts/version/bump.go:17.61,20.41 2 5
github.com/trueforge-org/forgetool/pkg/charts/version/bump.go:20.41,22.3 1 1
github.com/trueforge-org/forgetool/pkg/charts/version/bump.go:24.2,25.16 2 4
github.com/trueforge-org/forgetool/pkg/charts/version/bump.go:25.16,27.3 1 0
github.com/trueforge-org/forgetool/pkg/charts/version/bump.go:30.2,30.14 1 4
github.com/trueforge-org/forgetool/pkg/charts/version/bump.go:31.13,32.36 1 1
github.com/trueforge-org/forgetool/pkg/charts/version/bump.go:33.13,34.36 1 1
github.com/trueforge-org/forgetool/pkg/charts/version/bump.go:35.13,36.36 1 1
github.com/trueforge-org/forgetool/pkg/charts/version/bump.go:37.10,38.55 1 1
github.com/trueforge-org/forgetool/pkg/charts/version/bump.go:42.38,45.16 2 0
github.com/trueforge-org/forgetool/pkg/charts/version/bump.go:45.16,47.3 1 0
github.com/trueforge-org/forgetool/pkg/charts/version/bump.go:49.2,50.12 2 0
github.com/trueforge-org/forgetool/pkg/charts/website/chart_list.go:42.51,43.19 1 0
github.com/trueforge-org/forgetool/pkg/charts/website/chart_list.go:43.19,45.3 1 0
github.com/trueforge-org/forgetool/pkg/charts/website/chart_list.go:47.2,48.16 2 0
github.com/trueforge-org/forgetool/pkg/charts/website/chart_list.go:48.16,50.3 1 0
github.com/trueforge-org/forgetool/pkg/charts/website/chart_list.go:52.2,52.47 1 0
github.com/trueforge-org/forgetool/pkg/charts/website/chart_list.go:54.90,55.19 1 0
github.com/trueforge-org/forgetool/pkg/charts/website/chart_list.go:55.19,57.3 1 0
github.com/trueforge-org/forgetool/pkg/charts/website/chart_list.go:59.2,59.16 1 0
github.com/trueforge-org/forgetool/pkg/charts/website/chart_list.go:59.16,61.3 1 0
github.com/trueforge-org/forgetool/pkg/charts/website/chart_list.go:64.2,64.73 1 0
github.com/trueforge-org/forgetool/pkg/charts/website/chart_list.go:64.73,66.3 1 0
github.com/trueforge-org/forgetool/pkg/charts/website/chart_list.go:68.2,68.34 1 0
github.com/trueforge-org/forgetool/pkg/charts/website/chart_list.go:68.34,70.3 1 0
github.com/trueforge-org/forgetool/pkg/charts/website/chart_list.go:72.2,73.49 2 0
github.com/trueforge-org/forgetool/pkg/charts/website/chart_list.go:73.49,75.3 1 0
github.com/trueforge-org/forgetool/pkg/charts/website/chart_list.go:77.2,78.28 2 0
github.com/trueforge-org/forgetool/pkg/charts/website/chart_list.go:78.28,79.45 1 0
github.com/trueforge-org/forgetool/pkg/charts/website/chart_list.go:79.45,81.4 1 0
github.com/trueforge-org/forgetool/pkg/charts/website/chart_list.go:84.2,98.40 6 0
github.com/trueforge-org/forgetool/pkg/charts/website/chart_list.go:98.40,99.35 1 0
github.com/trueforge-org/forgetool/pkg/charts/website/chart_list.go:99.35,105.4 3 0
github.com/trueforge-org/forgetool/pkg/charts/website/chart_list.go:107.2,107.17 1 0
github.com/trueforge-org/forgetool/pkg/charts/website/chart_list.go:107.17,109.3 1 0
github.com/trueforge-org/forgetool/pkg/charts/website/chart_list.go:112.2,118.12 2 0
github.com/trueforge-org/forgetool/pkg/fluxhandler/bootstrap.go:14.13,17.2 1 1
github.com/trueforge-org/forgetool/pkg/fluxhandler/bootstrap.go:20.41,22.46 1 0
github.com/trueforge-org/forgetool/pkg/fluxhandler/bootstrap.go:22.46,24.89 2 0
github.com/trueforge-org/forgetool/pkg/fluxhandler/bootstrap.go:24.89,25.47 1 0
github.com/trueforge-org/forgetool/pkg/fluxhandler/bootstrap.go:25.47,27.68 2 0
github.com/trueforge-org/forgetool/pkg/fluxhandler/bootstrap.go:27.68,28.51 1 0
github.com/trueforge-org/forgetool/pkg/fluxhandler/bootstrap.go:28.51,30.7 1 0
github.com/trueforge-org/forgetool/pkg/fluxhandler/bootstrap.go:33.4,33.54 1 0
github.com/trueforge-org/forgetool/pkg/fluxhandler/bootstrap.go:39.49,40.39 1 0
github.com/trueforge-org/forgetool/pkg/fluxhandler/bootstrap.go:40.39,42.3 1 0
github.com/trueforge-org/forgetool/pkg/fluxhandler/bootstrap.go:44.2,45.51 2 0
github.com/trueforge-org/forgetool/pkg/fluxhandler/bootstrap.go:45.51,47.3 1 0
github.com/trueforge-org/forgetool/pkg/fluxhandler/bootstrap.go:49.2,50.62 2 0
github.com/trueforge-org/forgetool/pkg/fluxhandler/bootstrap.go:50.62,52.3 1 0
github.com/trueforge-org/forgetool/pkg/fluxhandler/bootstrap.go:54.2,55.72 2 0
github.com/trueforge-org/forgetool/pkg/fluxhandler/bootstrap.go:55.72,58.3 2 0
github.com/trueforge-org/forgetool/pkg/fluxhandler/bootstrap.go:60.2,60.12 1 0
github.com/trueforge-org/forgetool/pkg/fluxhandler/bootstrap.go:64.27,66.16 2 0
github.com/trueforge-org/forgetool/pkg/fluxhandler/bootstrap.go:66.16,69.3 2 0
github.com/trueforge-org/forgetool/pkg/fluxhandler/bootstrap.go:70.2,70.13 1 0
github.com/trueforge-org/forgetool/pkg/fluxhandler/bootstrap.go:70.13,74.3 3 0
github.com/trueforge-org/forgetool/pkg/fluxhandler/bootstrap.go:75.2,76.12 2 0
github.com/trueforge-org/forgetool/pkg/fluxhandler/bootstrap.go:80.62,88.105 5 0
github.com/trueforge-org/forgetool/pkg/fluxhandler/bootstrap.go:88.105,91.3 2 0
github.com/trueforge-org/forgetool/pkg/fluxhandler/bootstrap.go:92.2,92.111 1 0
github.com/trueforge-org/forgetool/pkg/fluxhandler/bootstrap.go:92.111,95.3 2 0
github.com/trueforge-org/forgetool/pkg/fluxhandler/bootstrap.go:97.2,97.73 1 0
github.com/trueforge-org/forgetool/pkg/fluxhandler/bootstrap.go:97.73,100.112 3 0
github.com/trueforge-org/forgetool/pkg/fluxhandler/bootstrap.go:100.112,103.4 2 0
github.com/trueforge-org/forgetool/pkg/fluxhandler/bootstrap.go:104.3,104.106 1 0
github.com/trueforge-org/forgetool/pkg/fluxhandler/bootstrap.go:104.106,107.4 2 0
github.com/trueforge-org/forgetool/pkg/fluxhandler/bootstrap.go:108.3,108.13 1 0
github.com/trueforge-org/forgetool/pkg/fluxhandler/bootstrap.go:112.2,112.111 1 0
github.com/trueforge-org/forgetool/pkg/fluxhandler/bootstrap.go:112.111,115.3 2 0
github.com/trueforge-org/forgetool/pkg/fluxhandler/bootstrap.go:116.2,116.105 1 0
github.com/trueforge-org/forgetool/pkg/fluxhandler/bootstrap.go:116.105,119.3 2 0
github.com/trueforge-org/forgetool/pkg/fluxhandler/bootstrap.go:121.2,121.12 1 0
github.com/trueforge-org/forgetool/pkg/fluxhandler/bootstrap.go:125.73,129.67 3 0
github.com/trueforge-org/forgetool/pkg/fluxhandler/bootstrap.go:129.67,132.3 2 0
github.com/trueforge-org/forgetool/pkg/fluxhandler/bootstrap.go:134.2,136.70 3 0
github.com/trueforge-org/forgetool/pkg/fluxhandler/bootstrap.go:136.70,139.3 2 0
github.com/trueforge-org/forgetool/pkg/fluxhandler/bootstrap.go:141.2,141.12 1 0
github.com/trueforge-org/forgetool/pkg/fluxhandler/helm.go:28.100,35.15 2 0
github.com/trueforge-org/forgetool/pkg/fluxhandler/helm.go:35.15,37.3 1 0
github.com/trueforge-org/forgetool/pkg/fluxhandler/helm.go:40.2,41.16 2 0
github.com/trueforge-org/forgetool/pkg/fluxhandler/helm.go:41.16,43.3 1 0
github.com/trueforge-org/forgetool/pkg/fluxhandler/helm.go:44.2,44.28 1 0
github.com/trueforge-org/forgetool/pkg/fluxhandler/helm.go:48.89,54.12 4 0
github.com/trueforge-org/forgetool/pkg/fluxhandler/helm.go:54.12,56.3 1 0
github.com/trueforge-org/forgetool/pkg/fluxhandler/helm.go:56.8,58.3 1 0
github.com/trueforge-org/forgetool/pkg/fluxhandler/helm.go:61.2,61.109 1 0
github.com/trueforge-org/forgetool/pkg/fluxhandler/helm.go:61.109,63.3 1 0
github.com/trueforge-org/forgetool/pkg/fluxhandler/helm.go:65.2,66.16 2 0
github.com/trueforge-org/forgetool/pkg/fluxhandler/helm.go:66.16,68.3 1 0
github.com/trueforge-org/forgetool/pkg/fluxhandler/helm.go:69.2,75.16 6 0
github.com/trueforge-org/forgetool/pkg/fluxhandler/helm.go:75.16,77.3 1 0
github.com/trueforge-org/forgetool/pkg/fluxhandler/helm.go:77.8,79.3 1 0
github.com/trueforge-org/forgetool/pkg/fluxhandler/helm.go:82.2,82.65 1 0
github.com/trueforge-org/forgetool/pkg/fluxhandler/helm.go:82.65,84.3 1 0
github.com/trueforge-org/forgetool/pkg/fluxhandler/helm.go:86.2,86.14 1 0
github.com/trueforge-org/forgetool/pkg/fluxhandler/helm.go:89.32,91.23 2 0
github.com/trueforge-org/forgetool/pkg/fluxhandler/helm.go:92.36,94.23 2 0
github.com/trueforge-org/forgetool/pkg/fluxhandler/helm.go:95.10,95.10 0 0
github.com/trueforge-org/forgetool/pkg/fluxhandler/helm.go:99.2,100.37 2 0
github.com/trueforge-org/forgetool/pkg/fluxhandler/helm.go:100.37,105.3 3 0
github.com/trueforge-org/forgetool/pkg/fluxhandler/helm.go:105.8,108.3 2 0
github.com/trueforge-org/forgetool/pkg/fluxhandler/helm.go:110.2,112.16 2 0
github.com/trueforge-org/forgetool/pkg/fluxhandler/helm.go:112.16,115.3 2 0
github.com/trueforge-org/forgetool/pkg/fluxhandler/helm.go:116.2,116.13 1 0
github.com/trueforge-org/forgetool/pkg/fluxhandler/helm.go:116.13,118.3 1 0
github.com/trueforge-org/forgetool/pkg/fluxhandler/helm.go:119.2,119.53 1 0
github.com/trueforge-org/forgetool/pkg/fluxhandler/helm.go:119.53,120.14 1 0
github.com/trueforge-org/forgetool/pkg/fluxhandler/helm.go:120.14,122.4 1 0
github.com/trueforge-org/forgetool/pkg/fluxhandler/helm.go:125.2,125.18 1 0
github.com/trueforge-org/forgetool/pkg/fluxhandler/helm.go:125.18,127.3 1 0
github.com/trueforge-org/forgetool/pkg/fluxhandler/helm.go:128.2,128.12 1 0
github.com/trueforge-org/forgetool/pkg/fluxhandler/helm.go:131.48,131.49 0 0
github.com/trueforge-org/forgetool/pkg/fluxhandler/helm.go:134.168,135.12 1 0
github.com/trueforge-org/forgetool/pkg/fluxhandler/helm.go:135.12,138.3 2 0
github.com/trueforge-org/forgetool/pkg/fluxhandler/helm.go:140.2,146.12 5 0
github.com/trueforge-org/forgetool/pkg/fluxhandler/helm.go:146.12,149.3 1 0
github.com/trueforge-org/forgetool/pkg/fluxhandler/helm.go:149.8,151.3 1 0
github.com/trueforge-org/forgetool/pkg/fluxhandler/helm.go:153.2,154.49 1 0
github.com/trueforge-org/forgetool/pkg/fluxhandler/helm.go:154.49,156.3 1 0
github.com/trueforge-org/forgetool/pkg/fluxhandler/helm.go:159.2,159.65 1 0
github.com/trueforge-org/forgetool/pkg/fluxhandler/helm.go:159.65,161.3 1 0
github.com/trueforge-org/forgetool/pkg/fluxhandler/helm.go:163.2,167.125 3 0
github.com/trueforge-org/forgetool/pkg/fluxhandler/helm.go:167.125,170.17 2 0
github.com/trueforge-org/forgetool/pkg/fluxhandler/helm.go:170.17,172.4 1 0
github.com/trueforge-org/forgetool/pkg/fluxhandler/helm.go:173.3,173.88 1 0
github.com/trueforge-org/forgetool/pkg/fluxhandler/helm.go:175.8,178.3 1 0
github.com/trueforge-org/forgetool/pkg/fluxhandler/helm.go:181.2,182.16 2 0
github.com/trueforge-org/forgetool/pkg/fluxhandler/helm.go:182.16,184.3 1 0
github.com/trueforge-org/forgetool/pkg/fluxhandler/helm.go:187.2,197.16 9 0
github.com/trueforge-org/forgetool/pkg/fluxhandler/helm.go:197.16,199.3 1 0
github.com/trueforge-org/forgetool/pkg/fluxhandler/helm.go:200.2,208.16 5 0
github.com/trueforge-org/forgetool/pkg/fluxhandler/helm.go:208.17,210.3 0 0
github.com/trueforge-org/forgetool/pkg/fluxhandler/helm.go:211.2,214.16 4 0
github.com/trueforge-org/forgetool/pkg/fluxhandler/helm.go:214.16,216.3 1 0
github.com/trueforge-org/forgetool/pkg/fluxhandler/helm.go:217.2,220.47 3 0
github.com/trueforge-org/forgetool/pkg/fluxhandler/helm.go:220.47,223.3 1 0
github.com/trueforge-org/forgetool/pkg/fluxhandler/helm.go:225.2,227.55 2 0
github.com/trueforge-org/forgetool/pkg/fluxhandler/helm.go:227.55,229.3 1 0
github.com/trueforge-org/forgetool/pkg/fluxhandler/helm.go:232.2,241.16 4 0
github.com/trueforge-org/forgetool/pkg/fluxhandler/helm.go:241.16,243.3 1 0
github.com/trueforge-org/forgetool/pkg/fluxhandler/helm.go:246.2,248.16 3 0
github.com/trueforge-org/forgetool/pkg/fluxhandler/helm.go:248.16,250.49 2 0
github.com/trueforge-org/forgetool/pkg/fluxhandler/helm.go:250.49,255.64 4 0
github.com/trueforge-org/forgetool/pkg/fluxhandler/helm.go:255.64,257.5 1 0
github.com/trueforge-org/forgetool/pkg/fluxhandler/helm.go:257.10,257.25 1 0
github.com/trueforge-org/forgetool/pkg/fluxhandler/helm.go:257.25,259.5 1 0
github.com/trueforge-org/forgetool/pkg/fluxhandler/helm.go:260.9,262.4 1 0
github.com/trueforge-org/forgetool/pkg/fluxhandler/helm.go:265.2,265.10 1 0
github.com/trueforge-org/forgetool/pkg/fluxhandler/helm.go:265.10,267.3 1 0
github.com/trueforge-org/forgetool/pkg/fluxhandler/helm.go:269.2,272.12 3 0
github.com/trueforge-org/forgetool/pkg/fluxhandler/helm.go:275.82,278.16 2 0
github.com/trueforge-org/forgetool/pkg/fluxhandler/helm.go:278.16,280.3 1 0
github.com/trueforge-org/forgetool/pkg/fluxhandler/helm.go:282.2,282.13 1 0
github.com/trueforge-org/forgetool/pkg/fluxhandler/helm.go:282.13,285.17 2 0
github.com/trueforge-org/forgetool/pkg/fluxhandler/helm.go:285.17,287.4 1 0
github.com/trueforge-org/forgetool/pkg/fluxhandler/helm.go:290.2,290.12 1 0
github.com/trueforge-org/forgetool/pkg/fluxhandler/helm.go:295.155,302.12 5 0
github.com/trueforge-org/forgetool/pkg/fluxhandler/helm.go:302.12,304.3 1 0
github.com/trueforge-org/forgetool/pkg/fluxhandler/helm.go:304.8,306.3 1 0
github.com/trueforge-org/forgetool/pkg/fluxhandler/helm.go:308.2,309.49 1 0
github.com/trueforge-org/forgetool/pkg/fluxhandler/helm.go:309.49,311.3 1 0
github.com/trueforge-org/forgetool/pkg/fluxhandler/helm.go:314.2,314.65 1 0
github.com/trueforge-org/forgetool/pkg/fluxhandler/helm.go:314.65,316.3 1 0
github.com/trueforge-org/forgetool/pkg/fluxhandler/helm.go:318.2,322.125 3 0
github.com/trueforge-org/forgetool/pkg/fluxhandler/helm.go:322.125,325.17 2 0
github.com/trueforge-org/forgetool/pkg/fluxhandler/helm.go:325.17,327.4 1 0
github.com/trueforge-org/forgetool/pkg/fluxhandler/helm.go:328.3,328.88 1 0
github.com/trueforge-org/forgetool/pkg/fluxhandler/helm.go:330.8,333.3 1 0
github.com/trueforge-org/forgetool/pkg/fluxhandler/helm.go:336.2,337.16 2 0
github.com/trueforge-org/forgetool/pkg/fluxhandler/helm.go:337.16,339.3 1 0
github.com/trueforge-org/forgetool/pkg/fluxhandler/helm.go:342.2,349.16 7 0
github.com/trueforge-org/forgetool/pkg/fluxhandler/helm.go:349.16,351.3 1 0
github.com/trueforge-org/forgetool/pkg/fluxhandler/helm.go:352.2,360.16 5 0
github.com/trueforge-org/forgetool/pkg/fluxhandler/helm.go:360.16,362.3 1 0
github.com/trueforge-org/forgetool/pkg/fluxhandler/helm.go:364.2,367.16 4 0
github.com/trueforge-org/forgetool/pkg/fluxhandler/helm.go:367.16,369.3 1 0
github.com/trueforge-org/forgetool/pkg/fluxhandler/helm.go:370.2,373.47 3 0
github.com/trueforge-org/forgetool/pkg/fluxhandler/helm.go:373.47,375.3 1 0
github.com/trueforge-org/forgetool/pkg/fluxhandler/helm.go:377.2,379.55 2 0
github.com/trueforge-org/forgetool/pkg/fluxhandler/helm.go:379.55,381.3 1 0
github.com/trueforge-org/forgetool/pkg/fluxhandler/helm.go:384.2,393.16 4 0
github.com/trueforge-org/forgetool/pkg/fluxhandler/helm.go:393.16,395.3 1 0
github.com/trueforge-org/forgetool/pkg/fluxhandler/helm.go:398.2,399.16 2 0
github.com/trueforge-org/forgetool/pkg/fluxhandler/helm.go:399.16,401.3 1 0
github.com/trueforge-org/forgetool/pkg/fluxhandler/helm.go:403.2,403.10 1 0
github.com/trueforge-org/forgetool/pkg/fluxhandler/helm.go:403.10,405.3 1 0
github.com/trueforge-org/forgetool/pkg/fluxhandler/helm.go:407.2,410.12 3 0
github.com/trueforge-org/forgetool/pkg/fluxhandler/helm.go:413.90,416.16 2 0
github.com/trueforge-org/forgetool/pkg/fluxhandler/helm.go:416.16,418.3 1 0
github.com/trueforge-org/forgetool/pkg/fluxhandler/helm.go:421.2,422.16 2 0
github.com/trueforge-org/forgetool/pkg/fluxhandler/helm.go:422.16,424.3 1 0
github.com/trueforge-org/forgetool/pkg/fluxhandler/helm.go:425.2,425.18 1 0
github.com/trueforge-org/forgetool/pkg/fluxhandler/helm.go:428.82,431.16 2 0
github.com/trueforge-org/forgetool/pkg/fluxhandler/helm.go:431.16,433.3 1 0
github.com/trueforge-org/forgetool/pkg/fluxhandler/helm.go:436.2,441.16 2 0
github.com/trueforge-org/forgetool/pkg/fluxhandler/helm.go:441.16,442.54 1 0
github.com/trueforge-org/forgetool/pkg/fluxhandler/helm.go:442.55,444.4 0 0
github.com/trueforge-org/forgetool/pkg/fluxhandler/helm.go:444.9,446.4 1 0
github.com/trueforge-org/forgetool/pkg/fluxhandler/helm.go:448.2,448.12 1 0
github.com/trueforge-org/forgetool/pkg/fluxhandler/helm.go:451.77,455.16 3 0
github.com/trueforge-org/forgetool/pkg/fluxhandler/helm.go:455.16,457.3 1 0
github.com/trueforge-org/forgetool/pkg/fluxhandler/helm.go:460.2,461.16 2 0
github.com/trueforge-org/forgetool/pkg/fluxhandler/helm.go:461.16,463.3 1 0
github.com/trueforge-org/forgetool/pkg/fluxhandler/helm.go:465.2,465.12 1 0
github.com/trueforge-org/forgetool/pkg/fluxhandler/helm.go:468.48,471.16 2 0
github.com/trueforge-org/forgetool/pkg/fluxhandler/helm.go:471.16,474.17 2 0
github.com/trueforge-org/forgetool/pkg/fluxhandler/helm.go:474.17,476.4 1 0
github.com/trueforge-org/forgetool/pkg/fluxhandler/helm.go:477.8,477.32 1 0
github.com/trueforge-org/forgetool/pkg/fluxhandler/helm.go:477.32,480.3 1 0
github.com/trueforge-org/forgetool/pkg/fluxhandler/helm.go:482.2,482.12 1 0
github.com/trueforge-org/forgetool/pkg/fluxhandler/helm.go:485.65,497.16 4 0
github.com/trueforge-org/forgetool/pkg/fluxhandler/helm.go:497.16,499.3 1 0
github.com/trueforge-org/forgetool/pkg/fluxhandler/helm.go:502.2,503.59 2 0
github.com/trueforge-org/forgetool/pkg/fluxhandler/helm.go:503.59,505.3 1 0
github.com/trueforge-org/forgetool/pkg/fluxhandler/helm.go:508.2,508.49 1 0
github.com/trueforge-org/forgetool/pkg/fluxhandler/helm.go:508.49,510.3 1 0
github.com/trueforge-org/forgetool/pkg/fluxhandler/helm.go:513.2,515.45 3 0
github.com/trueforge-org/forgetool/pkg/fluxhandler/helm.go:515.45,517.17 2 0
github.com/trueforge-org/forgetool/pkg/fluxhandler/helm.go:517.17,519.4 1 0
github.com/trueforge-org/forgetool/pkg/fluxhandler/helm.go:523.2,523.32 1 0
github.com/trueforge-org/forgetool/pkg/fluxhandler/helm.go:523.32,525.3 1 0
github.com/trueforge-org/forgetool/pkg/fluxhandler/helm.go:527.2,527.66 1 0
github.com/trueforge-org/forgetool/pkg/fluxhandler/helm.go:527.66,529.3 1 0
github.com/trueforge-org/forgetool/pkg/fluxhandler/helm.go:531.2,531.13 1 0
github.com/trueforge-org/forgetool/pkg/fluxhandler/helm.go:531.13,533.3 1 0
github.com/trueforge-org/forgetool/pkg/fluxhandler/helm.go:534.2,534.12 1 0
github.com/trueforge-org/forgetool/pkg/fluxhandler/helm.go:538.38,551.24 6 0
github.com/trueforge-org/forgetool/pkg/fluxhandler/helm.go:551.24,553.3 1 0
github.com/trueforge-org/forgetool/pkg/fluxhandler/helm.go:555.2,557.12 2 0
github.com/trueforge-org/forgetool/pkg/fluxhandler/helm.go:560.33,562.20 2 0
github.com/trueforge-org/forgetool/pkg/fluxhandler/helm.go:562.20,564.3 1 0
github.com/trueforge-org/forgetool/pkg/fluxhandler/helm.go:566.2,566.12 1 0
github.com/trueforge-org/forgetool/pkg/fluxhandler/helm.go:569.88,571.6 2 0
github.com/trueforge-org/forgetool/pkg/fluxhandler/helm.go:571.6,573.17 2 0
github.com/trueforge-org/forgetool/pkg/fluxhandler/helm.go:573.17,575.4 1 0
github.com/trueforge-org/forgetool/pkg/fluxhandler/helm.go:576.3,576.48 1 0
github.com/trueforge-org/forgetool/pkg/fluxhandler/helm.go:576.48,578.9 2 0
github.com/trueforge-org/forgetool/pkg/fluxhandler/helm.go:580.3,581.30 2 0
github.com/trueforge-org/forgetool/pkg/fluxhandler/helmrelease.go:56.61,59.16 2 0
github.com/trueforge-org/forgetool/pkg/fluxhandler/helmrelease.go:59.16,61.3 1 0
github.com/trueforge-org/forgetool/pkg/fluxhandler/helmrelease.go:64.2,68.16 3 0
github.com/trueforge-org/forgetool/pkg/fluxhandler/helmrelease.go:68.16,70.3 1 0
github.com/trueforge-org/forgetool/pkg/fluxhandler/helmrelease.go:73.2,73.31 1 0
github.com/trueforge-org/forgetool/pkg/fluxhandler/helmrelease.go:73.31,75.3 1 0
github.com/trueforge-org/forgetool/pkg/fluxhandler/helmrelease.go:76.2,76.20 1 0
github.com/trueforge-org/forgetool/pkg/fluxhandler/helmrelease.go:79.84,81.31 2 0
github.com/trueforge-org/forgetool/pkg/fluxhandler/helmrelease.go:81.31,83.28 2 0
github.com/trueforge-org/forgetool/pkg/fluxhandler/helmrelease.go:83.28,88.18 5 0
github.com/trueforge-org/forgetool/pkg/fluxhandler/helmrelease.go:88.18,91.5 2 0
github.com/trueforge-org/forgetool/pkg/fluxhandler/helmrelease.go:92.4,92.26 1 0
github.com/trueforge-org/forgetool/pkg/fluxhandler/helmrelease.go:92.26,95.5 2 0
github.com/trueforge-org/forgetool/pkg/fluxhandler/helmrelease.go:97.4,98.42 2 0
github.com/trueforge-org/forgetool/pkg/fluxhandler/helmrelease.go:98.42,100.5 1 0
github.com/trueforge-org/forgetool/pkg/fluxhandler/helmrelease.go:102.4,102.68 1 0
github.com/trueforge-org/forgetool/pkg/fluxhandler/helmrelease.go:102.68,105.5 2 0
github.com/trueforge-org/forgetool/pkg/fluxhandler/helmrelease.go:107.4,107.76 1 0
github.com/trueforge-org/forgetool/pkg/fluxhandler/helmrelease.go:107.76,110.5 2 0
github.com/trueforge-org/forgetool/pkg/fluxhandler/helmrelease.go:112.4,114.262 2 0
github.com/trueforge-org/forgetool/pkg/fluxhandler/helmrelease.go:114.262,115.49 1 0
github.com/trueforge-org/forgetool/pkg/fluxhandler/helmrelease.go:115.50,116.6 0 0
github.com/trueforge-org/forgetool/pkg/fluxhandler/helmrelease.go:116.11,119.16 2 0
github.com/trueforge-org/forgetool/pkg/fluxhandler/helmrelease.go:119.16,121.7 1 0
github.com/trueforge-org/forgetool/pkg/fluxhandler/helmrelease.go:125.3,125.13 1 0
github.com/trueforge-org/forgetool/pkg/fluxhandler/helmrelease.go:125.13,127.4 1 0
github.com/trueforge-org/forgetool/pkg/fluxhandler/helmrelease.go:129.2,129.11 1 0
github.com/trueforge-org/forgetool/pkg/fluxhandler/helmrelease.go:129.11,131.3 1 0
github.com/trueforge-org/forgetool/pkg/fluxhandler/helmrelease.go:135.84,137.31 2 0
github.com/trueforge-org/forgetool/pkg/fluxhandler/helmrelease.go:137.31,139.28 2 0
github.com/trueforge-org/forgetool/pkg/fluxhandler/helmrelease.go:139.28,148.18 5 0
github.com/trueforge-org/forgetool/pkg/fluxhandler/helmrelease.go:148.18,151.15 2 0
github.com/trueforge-org/forgetool/pkg/fluxhandler/helmrelease.go:151.15,153.6 1 0
github.com/trueforge-org/forgetool/pkg/fluxhandler/helmrelease.go:154.5,154.11 1 0
github.com/trueforge-org/forgetool/pkg/fluxhandler/helmrelease.go:156.4,156.26 1 0
github.com/trueforge-org/forgetool/pkg/fluxhandler/helmrelease.go:156.26,159.15 2 0
github.com/trueforge-org/forgetool/pkg/fluxhandler/helmrelease.go:159.15,161.6 1 0
github.com/trueforge-org/forgetool/pkg/fluxhandler/helmrelease.go:162.5,162.11 1 0
github.com/trueforge-org/forgetool/pkg/fluxhandler/helmrelease.go:166.4,167.42 2 0
github.com/trueforge-org/forgetool/pkg/fluxhandler/helmrelease.go:167.42,169.5 1 0
github.com/trueforge-org/forgetool/pkg/fluxhandler/helmrelease.go:172.4,177.34 4 0
github.com/trueforge-org/forgetool/pkg/fluxhandler/helmrelease.go:177.34,180.15 2 0
github.com/trueforge-org/forgetool/pkg/fluxhandler/helmrelease.go:180.15,182.6 1 0
github.com/trueforge-org/forgetool/pkg/fluxhandler/helmrelease.go:183.5,183.11 1 0
github.com/trueforge-org/forgetool/pkg/fluxhandler/helmrelease.go:187.4,189.18 3 0
github.com/trueforge-org/forgetool/pkg/fluxhandler/helmrelease.go:189.18,192.15 2 0
github.com/trueforge-org/forgetool/pkg/fluxhandler/helmrelease.go:192.15,194.6 1 0
github.com/trueforge-org/forgetool/pkg/fluxhandler/helmrelease.go:195.5,195.11 1 0
github.com/trueforge-org/forgetool/pkg/fluxhandler/helmrelease.go:199.3,199.13 1 0
github.com/trueforge-org/forgetool/pkg/fluxhandler/helmrelease.go:199.13,201.4 1 0
github.com/trueforge-org/forgetool/pkg/fluxhandler/helmrelease.go:204.2,204.11 1 0
github.com/trueforge-org/forgetool/pkg/fluxhandler/helmrelease.go:204.11,206.3 1 0
github.com/trueforge-org/forgetool/pkg/fluxhandler/helmrepo.go:29.69,31.16 2 0
github.com/trueforge-org/forgetool/pkg/fluxhandler/helmrepo.go:31.16,33.3 1 0
github.com/trueforge-org/forgetool/pkg/fluxhandler/helmrepo.go:35.2,37.29 2 0
github.com/trueforge-org/forgetool/pkg/fluxhandler/helmrepo.go:37.29,38.63 1 0
github.com/trueforge-org/forgetool/pkg/fluxhandler/helmrepo.go:38.63,40.39 1 0
github.com/trueforge-org/forgetool/pkg/fluxhandler/helmrepo.go:40.39,41.13 1 0
github.com/trueforge-org/forgetool/pkg/fluxhandler/helmrepo.go:43.4,45.18 3 0
github.com/trueforge-org/forgetool/pkg/fluxhandler/helmrepo.go:45.18,48.13 2 0
github.com/trueforge-org/forgetool/pkg/fluxhandler/helmrepo.go:51.4,51.36 1 0
github.com/trueforge-org/forgetool/pkg/fluxhandler/helmrepo.go:55.2,55.19 1 0
github.com/trueforge-org/forgetool/pkg/fluxhandler/helmrepo.go:59.55,62.16 2 0
github.com/trueforge-org/forgetool/pkg/fluxhandler/helmrepo.go:62.16,64.3 1 0
github.com/trueforge-org/forgetool/pkg/fluxhandler/helmrepo.go:67.2,71.16 3 0
github.com/trueforge-org/forgetool/pkg/fluxhandler/helmrepo.go:71.16,73.3 1 0
github.com/trueforge-org/forgetool/pkg/fluxhandler/helmrepo.go:75.2,75.18 1 0
github.com/trueforge-org/forgetool/pkg/fluxhandler/kustomizations.go:12.39,14.24 2 0
github.com/trueforge-org/forgetool/pkg/fluxhandler/kustomizations.go:14.24,16.3 1 0
github.com/trueforge-org/forgetool/pkg/fluxhandler/kustomizations.go:17.2,17.22 1 0
github.com/trueforge-org/forgetool/pkg/fluxhandler/kustomizations.go:21.52,40.2 3 0
github.com/trueforge-org/forgetool/pkg/fluxhandler/kustomizations.go:43.57,46.35 3 0
github.com/trueforge-org/forgetool/pkg/fluxhandler/kustomizations.go:46.35,49.17 2 0
github.com/trueforge-org/forgetool/pkg/fluxhandler/kustomizations.go:49.17,51.4 1 0
github.com/trueforge-org/forgetool/pkg/fluxhandler/kustomizations.go:52.3,52.25 1 0
github.com/trueforge-org/forgetool/pkg/fluxhandler/kustomizations.go:53.8,58.3 1 0
github.com/trueforge-org/forgetool/pkg/fluxhandler/kustomizations.go:61.2,62.16 2 0
github.com/trueforge-org/forgetool/pkg/fluxhandler/kustomizations.go:62.16,64.3 1 0
github.com/trueforge-org/forgetool/pkg/fluxhandler/kustomizations.go:67.2,68.29 2 0
github.com/trueforge-org/forgetool/pkg/fluxhandler/kustomizations.go:68.29,71.56 2 0
github.com/trueforge-org/forgetool/pkg/fluxhandler/kustomizations.go:71.56,72.12 1 0
github.com/trueforge-org/forgetool/pkg/fluxhandler/kustomizations.go:75.3,75.55 1 0
github.com/trueforge-org/forgetool/pkg/fluxhandler/kustomizations.go:75.55,76.72 1 0
github.com/trueforge-org/forgetool/pkg/fluxhandler/kustomizations.go:76.72,79.5 1 0
github.com/trueforge-org/forgetool/pkg/fluxhandler/kustomizations.go:81.4,81.40 1 0
github.com/trueforge-org/forgetool/pkg/fluxhandler/kustomizations.go:81.40,82.33 1 0
github.com/trueforge-org/forgetool/pkg/fluxhandler/kustomizations.go:82.33,84.6 1 0
github.com/trueforge-org/forgetool/pkg/fluxhandler/kustomizations.go:84.11,86.6 1 0
github.com/trueforge-org/forgetool/pkg/fluxhandler/kustomizations.go:92.2,92.37 1 0
github.com/trueforge-org/forgetool/pkg/fluxhandler/kustomizations.go:92.37,94.3 1 0
github.com/trueforge-org/forgetool/pkg/fluxhandler/kustomizations.go:96.2,97.36 2 0
github.com/trueforge-org/forgetool/pkg/fluxhandler/kustomizations.go:97.36,99.42 1 0
github.com/trueforge-org/forgetool/pkg/fluxhandler/kustomizations.go:99.42,104.38 3 0
github.com/trueforge-org/forgetool/pkg/fluxhandler/kustomizations.go:104.38,105.23 1 0
github.com/trueforge-org/forgetool/pkg/fluxhandler/kustomizations.go:105.23,107.6 1 0
github.com/trueforge-org/forgetool/pkg/fluxhandler/kustomizations.go:109.4,109.33 1 0
github.com/trueforge-org/forgetool/pkg/fluxhandler/kustomizations.go:112.2,115.67 2 0
github.com/trueforge-org/forgetool/pkg/fluxhandler/kustomizations.go:119.42,125.16 4 0
github.com/trueforge-org/forgetool/pkg/fluxhandler/kustomizations.go:125.16,127.3 1 0
github.com/trueforge-org/forgetool/pkg/fluxhandler/kustomizations.go:128.2,128.29 1 0
github.com/trueforge-org/forgetool/pkg/fluxhandler/kustomizations.go:128.29,129.43 1 0
github.com/trueforge-org/forgetool/pkg/fluxhandler/kustomizations.go:129.43,131.4 1 0
github.com/trueforge-org/forgetool/pkg/fluxhandler/kustomizations.go:132.3,132.31 1 0
github.com/trueforge-org/forgetool/pkg/fluxhandler/kustomizations.go:132.31,134.4 1 0
github.com/trueforge-org/forgetool/pkg/fluxhandler/kustomizations.go:138.2,138.32 1 0
github.com/trueforge-org/forgetool/pkg/fluxhandler/kustomizations.go:138.32,140.58 2 0
github.com/trueforge-org/forgetool/pkg/fluxhandler/kustomizations.go:140.58,142.4 1 0
github.com/trueforge-org/forgetool/pkg/fluxhandler/kustomizations.go:143.8,143.23 1 0
github.com/trueforge-org/forgetool/pkg/fluxhandler/kustomizations.go:143.23,145.63 1 0
github.com/trueforge-org/forgetool/pkg/fluxhandler/kustomizations.go:145.63,147.4 1 0
github.com/trueforge-org/forgetool/pkg/fluxhandler/kustomizations.go:151.2,151.29 1 0
github.com/trueforge-org/forgetool/pkg/fluxhandler/kustomizations.go:151.29,152.19 1 0
github.com/trueforge-org/forgetool/pkg/fluxhandler/kustomizations.go:152.19,153.77 1 0
github.com/trueforge-org/forgetool/pkg/fluxhandler/kustomizations.go:153.77,155.5 1 0
github.com/trueforge-org/forgetool/pkg/fluxhandler/kustomizations.go:159.2,159.12 1 0
github.com/trueforge-org/forgetool/pkg/fluxhandler/sshsecretgen.go:29.43,30.18 1 0
github.com/trueforge-org/forgetool/pkg/fluxhandler/sshsecretgen.go:30.18,32.3 1 0
github.com/trueforge-org/forgetool/pkg/fluxhandler/sshsecretgen.go:35.2,39.55 3 0
github.com/trueforge-org/forgetool/pkg/fluxhandler/sshsecretgen.go:39.55,42.17 2 0
github.com/trueforge-org/forgetool/pkg/fluxhandler/sshsecretgen.go:42.17,44.4 1 0
github.com/trueforge-org/forgetool/pkg/fluxhandler/sshsecretgen.go:47.3,48.17 2 0
github.com/trueforge-org/forgetool/pkg/fluxhandler/sshsecretgen.go:48.17,50.4 1 0
github.com/trueforge-org/forgetool/pkg/fluxhandler/sshsecretgen.go:53.3,54.17 2 0
github.com/trueforge-org/forgetool/pkg/fluxhandler/sshsecretgen.go:54.17,56.4 1 0
github.com/trueforge-org/forgetool/pkg/fluxhandler/sshsecretgen.go:59.3,60.17 2 0
github.com/trueforge-org/forgetool/pkg/fluxhandler/sshsecretgen.go:60.17,62.4 1 0
github.com/trueforge-org/forgetool/pkg/fluxhandler/sshsecretgen.go:63.3,85.17 5 0
github.com/trueforge-org/forgetool/pkg/fluxhandler/sshsecretgen.go:85.17,87.4 1 0
github.com/trueforge-org/forgetool/pkg/fluxhandler/sshsecretgen.go:90.3,91.17 2 0
github.com/trueforge-org/forgetool/pkg/fluxhandler/sshsecretgen.go:91.17,93.4 1 0
github.com/trueforge-org/forgetool/pkg/fluxhandler/sshsecretgen.go:94.3,95.17 2 0
github.com/trueforge-org/forgetool/pkg/fluxhandler/sshsecretgen.go:95.17,97.4 1 0
github.com/trueforge-org/forgetool/pkg/fluxhandler/sshsecretgen.go:98.3,98.71 1 0
github.com/trueforge-org/forgetool/pkg/fluxhandler/sshsecretgen.go:99.8,101.59 1 0
github.com/trueforge-org/forgetool/pkg/fluxhandler/sshsecretgen.go:101.59,104.18 2 0
github.com/trueforge-org/forgetool/pkg/fluxhandler/sshsecretgen.go:104.18,106.5 1 0
github.com/trueforge-org/forgetool/pkg/fluxhandler/sshsecretgen.go:108.4,109.62 2 0
github.com/trueforge-org/forgetool/pkg/fluxhandler/sshsecretgen.go:109.62,111.5 1 0
github.com/trueforge-org/forgetool/pkg/fluxhandler/sshsecretgen.go:113.4,113.56 1 0
github.com/trueforge-org/forgetool/pkg/fluxhandler/sshsecretgen.go:113.56,115.19 2 0
github.com/trueforge-org/forgetool/pkg/fluxhandler/sshsecretgen.go:115.19,117.6 1 0
github.com/trueforge-org/forgetool/pkg/fluxhandler/sshsecretgen.go:118.5,118.64 1 0
github.com/trueforge-org/forgetool/pkg/fluxhandler/sshsecretgen.go:119.10,121.5 1 0
github.com/trueforge-org/forgetool/pkg/fluxhandler/sshsecretgen.go:122.9,124.4 1 0
github.com/trueforge-org/forgetool/pkg/fluxhandler/sshsecretgen.go:127.2,127.12 1 0
github.com/trueforge-org/forgetool/pkg/fluxhandler/sshsecretgen.go:133.48,135.29 2 0
github.com/trueforge-org/forgetool/pkg/fluxhandler/sshsecretgen.go:135.29,136.17 1 0
github.com/trueforge-org/forgetool/pkg/fluxhandler/sshsecretgen.go:136.17,138.4 1 0
github.com/trueforge-org/forgetool/pkg/fluxhandler/sshsecretgen.go:140.2,140.34 1 0
github.com/trueforge-org/forgetool/pkg/fluxhandler/sshsecretgen.go:144.74,146.16 2 0
github.com/trueforge-org/forgetool/pkg/fluxhandler/sshsecretgen.go:146.16,148.3 1 0
github.com/trueforge-org/forgetool/pkg/fluxhandler/sshsecretgen.go:150.2,153.62 3 0
github.com/trueforge-org/forgetool/pkg/fluxhandler/sshsecretgen.go:157.60,159.16 2 0
github.com/trueforge-org/forgetool/pkg/fluxhandler/sshsecretgen.go:159.16,161.3 1 0
github.com/trueforge-org/forgetool/pkg/fluxhandler/sshsecretgen.go:163.2,167.39 2 0
github.com/trueforge-org/forgetool/pkg/fluxhandler/sshsecretgen.go:171.63,173.16 2 0
github.com/trueforge-org/forgetool/pkg/fluxhandler/sshsecretgen.go:173.16,175.3 1 0
github.com/trueforge-org/forgetool/pkg/fluxhandler/sshsecretgen.go:176.2,176.54 1 0
github.com/trueforge-org/forgetool/pkg/fluxhandler/sshsecretgen.go:180.44,181.41 1 0
github.com/trueforge-org/forgetool/pkg/fluxhandler/sshsecretgen.go:181.41,183.3 1 0
github.com/trueforge-org/forgetool/pkg/fluxhandler/sshsecretgen.go:184.2,184.37 1 0
github.com/trueforge-org/forgetool/pkg/fluxhandler/sshsecretgen.go:188.40,190.2 1 0
github.com/trueforge-org/forgetool/pkg/fluxhandler/sshsecretgen.go:193.49,195.2 1 0
github.com/trueforge-org/forgetool/pkg/fluxhandler/sshsecretgen.go:200.41,202.2 1 0
github.com/trueforge-org/forgetool/pkg/fluxhandler/sshsecretgen.go:207.48,209.2 1 0
github.com/trueforge-org/forgetool/pkg/info/info.go:20.22,27.35 3 1
github.com/trueforge-org/forgetool/pkg/info/info.go:27.35,28.17 1 11
github.com/trueforge-org/forgetool/pkg/info/info.go:29.17,30.26 1 1
github.com/trueforge-org/forgetool/pkg/info/info.go:31.15,32.24 1 1
github.com/trueforge-org/forgetool/pkg/info/info.go:33.22,34.30 1 1
github.com/trueforge-org/forgetool/pkg/info/info.go:35.23,36.29 1 0
github.com/trueforge-org/forgetool/pkg/info/info.go:37.19,38.56 1 0
github.com/trueforge-org/forgetool/pkg/info/info.go:39.23,40.38 1 0
github.com/trueforge-org/forgetool/pkg/info/info.go:44.2,44.13 1 1
github.com/trueforge-org/forgetool/pkg/info/info.go:47.24,61.2 1 1
github.com/trueforge-org/forgetool/pkg/helper/copy.go:16.83,20.18 3 3
github.com/trueforge-org/forgetool/pkg/helper/copy.go:20.18,23.17 2 1
github.com/trueforge-org/forgetool/pkg/helper/copy.go:23.17,25.4 1 1
github.com/trueforge-org/forgetool/pkg/helper/copy.go:28.2,28.80 1 2
github.com/trueforge-org/forgetool/pkg/helper/copy.go:28.80,29.17 1 5
github.com/trueforge-org/forgetool/pkg/helper/copy.go:29.17,31.4 1 0
github.com/trueforge-org/forgetool/pkg/helper/copy.go:34.3,35.17 2 5
github.com/trueforge-org/forgetool/pkg/helper/copy.go:35.17,37.4 1 0
github.com/trueforge-org/forgetool/pkg/helper/copy.go:42.3,42.62 1 5
github.com/trueforge-org/forgetool/pkg/helper/copy.go:42.62,44.20 1 0
github.com/trueforge-org/forgetool/pkg/helper/copy.go:44.20,47.5 1 0
github.com/trueforge-org/forgetool/pkg/helper/copy.go:49.4,49.14 1 0
github.com/trueforge-org/forgetool/pkg/helper/copy.go:53.3,56.19 3 5
github.com/trueforge-org/forgetool/pkg/helper/copy.go:56.19,58.61 1 3
github.com/trueforge-org/forgetool/pkg/helper/copy.go:58.61,60.5 1 0
github.com/trueforge-org/forgetool/pkg/helper/copy.go:61.9,63.74 1 2
github.com/trueforge-org/forgetool/pkg/helper/copy.go:63.74,64.69 1 2
github.com/trueforge-org/forgetool/pkg/helper/copy.go:64.69,66.6 1 0
github.com/trueforge-org/forgetool/pkg/helper/copy.go:67.11,69.5 0 0
github.com/trueforge-org/forgetool/pkg/helper/copy.go:71.3,71.13 1 5
github.com/trueforge-org/forgetool/pkg/helper/copy.go:73.2,73.12 1 2
github.com/trueforge-org/forgetool/pkg/helper/copy.go:77.51,79.2 1 9
github.com/trueforge-org/forgetool/pkg/helper/copy.go:81.60,82.72 1 2
github.com/trueforge-org/forgetool/pkg/helper/copy.go:82.72,84.3 1 0
github.com/trueforge-org/forgetool/pkg/helper/copy.go:85.2,85.12 1 2
github.com/trueforge-org/forgetool/pkg/helper/copy.go:88.83,89.76 1 1
github.com/trueforge-org/forgetool/pkg/helper/copy.go:89.76,91.3 1 1
github.com/trueforge-org/forgetool/pkg/helper/copy.go:92.2,92.12 1 0
github.com/trueforge-org/forgetool/pkg/helper/copy.go:96.71,97.22 1 6
github.com/trueforge-org/forgetool/pkg/helper/copy.go:97.22,98.49 1 5
github.com/trueforge-org/forgetool/pkg/helper/copy.go:98.49,101.4 2 1
github.com/trueforge-org/forgetool/pkg/helper/copy.go:101.9,101.33 1 4
github.com/trueforge-org/forgetool/pkg/helper/copy.go:101.33,103.4 1 0
github.com/trueforge-org/forgetool/pkg/helper/copy.go:106.2,107.16 2 5
github.com/trueforge-org/forgetool/pkg/helper/copy.go:107.16,109.3 1 1
github.com/trueforge-org/forgetool/pkg/helper/copy.go:110.2,113.16 3 4
github.com/trueforge-org/forgetool/pkg/helper/copy.go:113.16,115.3 1 0
github.com/trueforge-org/forgetool/pkg/helper/copy.go:116.2,119.12 3 4
github.com/trueforge-org/forgetool/pkg/helper/dns.go:10.45,12.16 2 0
github.com/trueforge-org/forgetool/pkg/helper/dns.go:12.16,14.3 1 0
github.com/trueforge-org/forgetool/pkg/helper/dns.go:15.2,15.13 1 0
github.com/trueforge-org/forgetool/pkg/helper/dns.go:18.54,19.33 1 0
github.com/trueforge-org/forgetool/pkg/helper/dns.go:19.33,20.34 1 0
github.com/trueforge-org/forgetool/pkg/helper/dns.go:20.34,23.4 2 0
github.com/trueforge-org/forgetool/pkg/helper/dns.go:23.9,24.15 1 0
github.com/trueforge-org/forgetool/pkg/helper/dns.go:24.15,26.5 1 0
github.com/trueforge-org/forgetool/pkg/helper/dns.go:31.24,40.2 2 0
github.com/trueforge-org/forgetool/pkg/helper/envsubst.go:20.67,21.41 1 0
github.com/trueforge-org/forgetool/pkg/helper/envsubst.go:21.41,24.17 3 0
github.com/trueforge-org/forgetool/pkg/helper/envsubst.go:24.17,26.4 1 0
github.com/trueforge-org/forgetool/pkg/helper/envsubst.go:29.3,32.50 3 0
github.com/trueforge-org/forgetool/pkg/helper/envsubst.go:32.50,34.4 1 0
github.com/trueforge-org/forgetool/pkg/helper/envsubst.go:35.8,35.43 1 0
github.com/trueforge-org/forgetool/pkg/helper/envsubst.go:35.43,37.3 1 0
github.com/trueforge-org/forgetool/pkg/helper/envsubst.go:37.8,39.3 1 0
github.com/trueforge-org/forgetool/pkg/helper/envsubst.go:40.2,40.12 1 0
github.com/trueforge-org/forgetool/pkg/helper/envsubst.go:45.59,47.16 2 0
github.com/trueforge-org/forgetool/pkg/helper/envsubst.go:47.16,49.3 1 0
github.com/trueforge-org/forgetool/pkg/helper/envsubst.go:51.2,51.26 1 0
github.com/trueforge-org/forgetool/pkg/helper/envsubst.go:51.26,54.3 2 0
github.com/trueforge-org/forgetool/pkg/helper/envsubst.go:55.2,55.12 1 0
github.com/trueforge-org/forgetool/pkg/helper/envsubst.go:60.43,63.60 2 0
github.com/trueforge-org/forgetool/pkg/helper/envsubst.go:63.60,65.18 2 0
github.com/trueforge-org/forgetool/pkg/helper/envsubst.go:65.18,67.4 1 0
github.com/trueforge-org/forgetool/pkg/helper/envsubst.go:67.9,69.4 1 0
github.com/trueforge-org/forgetool/pkg/helper/envsubst.go:72.2,73.59 2 0
github.com/trueforge-org/forgetool/pkg/helper/envsubst.go:73.59,74.37 1 0
github.com/trueforge-org/forgetool/pkg/helper/envsubst.go:74.37,76.4 1 0
github.com/trueforge-org/forgetool/pkg/helper/envsubst.go:79.2,79.22 1 0
github.com/trueforge-org/forgetool/pkg/helper/envsubst.go:83.47,86.2 2 0
github.com/trueforge-org/forgetool/pkg/helper/envsubst.go:90.72,93.16 2 0
github.com/trueforge-org/forgetool/pkg/helper/envsubst.go:93.16,95.3 1 0
github.com/trueforge-org/forgetool/pkg/helper/envsubst.go:98.2,101.88 2 0
github.com/trueforge-org/forgetool/pkg/helper/envsubst.go:101.88,105.33 2 0
github.com/trueforge-org/forgetool/pkg/helper/envsubst.go:105.33,107.4 1 0
github.com/trueforge-org/forgetool/pkg/helper/envsubst.go:109.3,109.15 1 0
github.com/trueforge-org/forgetool/pkg/helper/envsubst.go:113.2,114.16 2 0
github.com/trueforge-org/forgetool/pkg/helper/envsubst.go:114.16,116.3 1 0
github.com/trueforge-org/forgetool/pkg/helper/envsubst.go:118.2,118.29 1 0
github.com/trueforge-org/forgetool/pkg/helper/envsubst.go:123.92,126.16 2 0
github.com/trueforge-org/forgetool/pkg/helper/envsubst.go:126.16,128.3 1 0
github.com/trueforge-org/forgetool/pkg/helper/envsubst.go:131.2,131.85 1 0
github.com/trueforge-org/forgetool/pkg/helper/envsubst.go:131.85,132.17 1 0
github.com/trueforge-org/forgetool/pkg/helper/envsubst.go:132.17,134.4 1 0
github.com/trueforge-org/forgetool/pkg/helper/envsubst.go:137.3,137.51 1 0
github.com/trueforge-org/forgetool/pkg/helper/envsubst.go:137.51,140.18 2 0
github.com/trueforge-org/forgetool/pkg/helper/envsubst.go:140.18,142.5 1 0
github.com/trueforge-org/forgetool/pkg/helper/envsubst.go:143.4,143.49 1 0
github.com/trueforge-org/forgetool/pkg/helper/envsubst.go:146.3,146.13 1 0
github.com/trueforge-org/forgetool/pkg/helper/envsubst.go:149.2,149.16 1 0
github.com/trueforge-org/forgetool/pkg/helper/envsubst.go:149.16,151.3 1 0
github.com/trueforge-org/forgetool/pkg/helper/envsubst.go:153.2,153.12 1 0
github.com/trueforge-org/forgetool/pkg/helper/git.go:16.41,23.34 4 0
github.com/trueforge-org/forgetool/pkg/helper/git.go:23.34,25.3 1 0
github.com/trueforge-org/forgetool/pkg/helper/git.go:28.2,29.18 2 0
github.com/trueforge-org/forgetool/pkg/helper/git.go:29.18,31.3 1 0
github.com/trueforge-org/forgetool/pkg/helper/git.go:33.2,34.19 2 0
github.com/trueforge-org/forgetool/pkg/helper/git.go:37.39,38.29 1 0
github.com/trueforge-org/forgetool/pkg/helper/git.go:38.29,41.35 2 0
github.com/trueforge-org/forgetool/pkg/helper/git.go:41.35,43.4 1 0
github.com/trueforge-org/forgetool/pkg/helper/git.go:45.2,45.12 1 0
github.com/trueforge-org/forgetool/pkg/helper/git.go:51.39,56.16 5 0
github.com/trueforge-org/forgetool/pkg/helper/git.go:56.16,58.3 1 0
github.com/trueforge-org/forgetool/pkg/helper/git.go:59.2,59.12 1 0
github.com/trueforge-org/forgetool/pkg/helper/git.go:63.44,68.34 4 0
github.com/trueforge-org/forgetool/pkg/helper/git.go:68.34,70.3 1 0
github.com/trueforge-org/forgetool/pkg/helper/git.go:73.2,75.19 2 0
github.com/trueforge-org/forgetool/pkg/helper/git.go:79.47,82.16 2 0
github.com/trueforge-org/forgetool/pkg/helper/git.go:82.16,84.3 1 0
github.com/trueforge-org/forgetool/pkg/helper/git.go:85.2,85.13 1 0
github.com/trueforge-org/forgetool/pkg/helper/git.go:85.13,87.3 1 0
github.com/trueforge-org/forgetool/pkg/helper/git.go:90.2,92.16 3 0
github.com/trueforge-org/forgetool/pkg/helper/git.go:92.16,94.3 1 0
github.com/trueforge-org/forgetool/pkg/helper/git.go:96.2,96.21 1 0
github.com/trueforge-org/forgetool/pkg/helper/git.go:100.45,105.56 2 0
github.com/trueforge-org/forgetool/pkg/helper/git.go:105.56,114.6 1 0
github.com/trueforge-org/forgetool/pkg/helper/git.go:114.6,116.4 1 0
github.com/trueforge-org/forgetool/pkg/helper/git.go:120.2,121.34 2 0
github.com/trueforge-org/forgetool/pkg/helper/git.go:121.34,123.49 1 0
github.com/trueforge-org/forgetool/pkg/helper/git.go:123.49,124.33 1 0
github.com/trueforge-org/forgetool/pkg/helper/git.go:124.33,127.5 1 0
github.com/trueforge-org/forgetool/pkg/helper/git.go:130.3,130.20 1 0
github.com/trueforge-org/forgetool/pkg/helper/git.go:133.2,133.19 1 0
github.com/trueforge-org/forgetool/pkg/helper/git.go:137.57,138.34 1 0
github.com/trueforge-org/forgetool/pkg/helper/git.go:138.34,140.39 1 0
github.com/trueforge-org/forgetool/pkg/helper/git.go:140.39,142.4 1 0
github.com/trueforge-org/forgetool/pkg/helper/git.go:144.2,144.14 1 0
github.com/trueforge-org/forgetool/pkg/helper/git.go:150.55,156.16 5 0
github.com/trueforge-org/forgetool/pkg/helper/git.go:156.16,158.3 1 0
github.com/trueforge-org/forgetool/pkg/helper/git.go:159.2,168.21 6 0
github.com/trueforge-org/forgetool/pkg/helper/git.go:168.21,170.3 1 0
github.com/trueforge-org/forgetool/pkg/helper/git.go:173.2,173.33 1 0
github.com/trueforge-org/forgetool/pkg/helper/git.go:173.33,178.17 5 0
github.com/trueforge-org/forgetool/pkg/helper/git.go:178.17,180.12 1 0
github.com/trueforge-org/forgetool/pkg/helper/git.go:184.3,188.17 5 0
github.com/trueforge-org/forgetool/pkg/helper/git.go:188.17,190.4 1 0
github.com/trueforge-org/forgetool/pkg/helper/git.go:193.3,193.48 1 0
github.com/trueforge-org/forgetool/pkg/helper/git.go:193.48,195.4 1 0
github.com/trueforge-org/forgetool/pkg/helper/git.go:199.2,199.18 1 0
github.com/trueforge-org/forgetool/pkg/helper/git.go:203.42,206.16 2 0
github.com/trueforge-org/forgetool/pkg/helper/git.go:206.16,208.3 1 0
github.com/trueforge-org/forgetool/pkg/helper/git.go:211.2,215.24 3 0
github.com/trueforge-org/forgetool/pkg/helper/git.go:215.24,217.3 1 0
github.com/trueforge-org/forgetool/pkg/helper/git.go:218.2,218.16 1 0
github.com/trueforge-org/forgetool/pkg/helper/git.go:218.16,220.3 1 0
github.com/trueforge-org/forgetool/pkg/helper/git.go:221.2,221.26 1 0
github.com/trueforge-org/forgetool/pkg/helper/git.go:225.38,227.16 2 0
github.com/trueforge-org/forgetool/pkg/helper/git.go:227.16,229.3 1 0
github.com/trueforge-org/forgetool/pkg/helper/git.go:229.8,229.19 1 0
github.com/trueforge-org/forgetool/pkg/helper/git.go:229.19,231.3 1 0
github.com/trueforge-org/forgetool/pkg/helper/git.go:231.8,234.3 2 0
github.com/trueforge-org/forgetool/pkg/helper/git.go:237.2,238.16 2 0
github.com/trueforge-org/forgetool/pkg/helper/git.go:238.16,240.3 1 0
github.com/trueforge-org/forgetool/pkg/helper/git.go:243.2,246.31 3 0
github.com/trueforge-org/forgetool/pkg/helper/git.go:246.31,248.3 1 0
github.com/trueforge-org/forgetool/pkg/helper/git.go:248.8,250.3 1 0
github.com/trueforge-org/forgetool/pkg/helper/git.go:253.2,259.55 5 0
github.com/trueforge-org/forgetool/pkg/helper/git.go:259.55,272.3 1 0
github.com/trueforge-org/forgetool/pkg/helper/git.go:272.8,274.23 1 0
github.com/trueforge-org/forgetool/pkg/helper/git.go:275.18,298.15 3 0
github.com/trueforge-org/forgetool/pkg/helper/git.go:300.11,317.39 1 0
github.com/trueforge-org/forgetool/pkg/helper/git.go:322.2,323.16 2 0
github.com/trueforge-org/forgetool/pkg/helper/git.go:323.16,325.3 1 0
github.com/trueforge-org/forgetool/pkg/helper/git.go:326.2,330.16 3 0
github.com/trueforge-org/forgetool/pkg/helper/git.go:330.16,332.3 1 0
github.com/trueforge-org/forgetool/pkg/helper/git.go:335.2,335.31 1 0
github.com/trueforge-org/forgetool/pkg/helper/git.go:335.31,337.17 2 0
github.com/trueforge-org/forgetool/pkg/helper/git.go:337.17,339.4 1 0
github.com/trueforge-org/forgetool/pkg/helper/git.go:342.2,343.12 2 0
github.com/trueforge-org/forgetool/pkg/helper/helper.go:32.103,33.62 1 3
github.com/trueforge-org/forgetool/pkg/helper/helper.go:33.62,34.17 1 7
github.com/trueforge-org/forgetool/pkg/helper/helper.go:34.17,36.4 1 1
github.com/trueforge-org/forgetool/pkg/helper/helper.go:38.3,38.65 1 6
github.com/trueforge-org/forgetool/pkg/helper/helper.go:38.65,40.4 1 0
github.com/trueforge-org/forgetool/pkg/helper/helper.go:43.3,43.34 1 6
github.com/trueforge-org/forgetool/pkg/helper/helper.go:43.34,44.16 1 2
github.com/trueforge-org/forgetool/pkg/helper/helper.go:45.18,47.46 1 1
github.com/trueforge-org/forgetool/pkg/helper/helper.go:47.46,49.6 1 0
github.com/trueforge-org/forgetool/pkg/helper/helper.go:50.19,53.26 2 1
github.com/trueforge-org/forgetool/pkg/helper/helper.go:53.26,55.47 2 1
github.com/trueforge-org/forgetool/pkg/helper/helper.go:55.47,57.7 1 0
github.com/trueforge-org/forgetool/pkg/helper/helper.go:59.12,60.48 1 0
github.com/trueforge-org/forgetool/pkg/helper/helper.go:64.4,64.27 1 2
github.com/trueforge-org/forgetool/pkg/helper/helper.go:67.3,67.13 1 4
github.com/trueforge-org/forgetool/pkg/helper/helper.go:78.102,81.21 2 3
github.com/trueforge-org/forgetool/pkg/helper/helper.go:81.21,84.3 1 0
github.com/trueforge-org/forgetool/pkg/helper/helper.go:86.2,86.32 1 3
github.com/trueforge-org/forgetool/pkg/helper/helper.go:86.32,90.17 2 3
github.com/trueforge-org/forgetool/pkg/helper/helper.go:90.17,92.4 1 1
github.com/trueforge-org/forgetool/pkg/helper/helper.go:96.2,96.23 1 2
github.com/trueforge-org/forgetool/pkg/helper/helper.go:96.23,98.3 1 1
github.com/trueforge-org/forgetool/pkg/helper/helper.go:100.2,100.12 1 2
github.com/trueforge-org/forgetool/pkg/helper/helper.go:103.52,106.25 3 1
github.com/trueforge-org/forgetool/pkg/helper/helper.go:106.25,107.21 1 7
github.com/trueforge-org/forgetool/pkg/helper/helper.go:107.21,108.21 1 5
github.com/trueforge-org/forgetool/pkg/helper/helper.go:108.21,111.5 2 3
github.com/trueforge-org/forgetool/pkg/helper/helper.go:115.2,115.11 1 1
github.com/trueforge-org/forgetool/pkg/helper/marshaller.go:10.58,16.38 5 1
github.com/trueforge-org/forgetool/pkg/helper/marshaller.go:16.38,18.3 1 0
github.com/trueforge-org/forgetool/pkg/helper/marshaller.go:21.2,22.29 2 1
github.com/trueforge-org/forgetool/pkg/helper/marshaller.go:22.29,23.36 1 4
github.com/trueforge-org/forgetool/pkg/helper/marshaller.go:23.36,25.4 1 2
github.com/trueforge-org/forgetool/pkg/helper/marshaller.go:25.9,27.4 1 2
github.com/trueforge-org/forgetool/pkg/helper/marshaller.go:30.2,30.12 1 1
github.com/trueforge-org/forgetool/pkg/helper/netvalidate.go:12.53,16.32 3 8
github.com/trueforge-org/forgetool/pkg/helper/netvalidate.go:16.32,18.3 1 2
github.com/trueforge-org/forgetool/pkg/helper/netvalidate.go:20.2,20.70 1 6
github.com/trueforge-org/forgetool/pkg/helper/netvalidate.go:24.49,26.15 2 9
github.com/trueforge-org/forgetool/pkg/helper/netvalidate.go:26.15,28.3 1 2
github.com/trueforge-org/forgetool/pkg/helper/netvalidate.go:30.2,31.16 2 7
github.com/trueforge-org/forgetool/pkg/helper/netvalidate.go:31.16,33.3 1 1
github.com/trueforge-org/forgetool/pkg/helper/netvalidate.go:35.2,35.32 1 6
github.com/trueforge-org/forgetool/pkg/helper/netvalidate.go:39.54,41.15 2 12
github.com/trueforge-org/forgetool/pkg/helper/netvalidate.go:41.15,43.3 1 1
github.com/trueforge-org/forgetool/pkg/helper/netvalidate.go:45.2,46.21 2 11
github.com/trueforge-org/forgetool/pkg/helper/netvalidate.go:46.21,48.3 1 2
github.com/trueforge-org/forgetool/pkg/helper/netvalidate.go:50.2,52.36 3 9
github.com/trueforge-org/forgetool/pkg/helper/netvalidate.go:52.36,54.3 1 2
github.com/trueforge-org/forgetool/pkg/helper/netvalidate.go:56.2,56.76 1 7
github.com/trueforge-org/forgetool/pkg/helper/netvalidate.go:61.36,62.19 1 21
github.com/trueforge-org/forgetool/pkg/helper/netvalidate.go:62.19,63.18 1 272
github.com/trueforge-org/forgetool/pkg/helper/netvalidate.go:63.18,65.4 1 7
github.com/trueforge-org/forgetool/pkg/helper/netvalidate.go:66.3,66.18 1 265
github.com/trueforge-org/forgetool/pkg/helper/netvalidate.go:66.18,68.4 1 10
github.com/trueforge-org/forgetool/pkg/helper/netvalidate.go:70.2,70.10 1 4
github.com/trueforge-org/forgetool/pkg/helper/netvalidate.go:73.79,75.16 2 0
github.com/trueforge-org/forgetool/pkg/helper/netvalidate.go:75.16,78.3 2 0
github.com/trueforge-org/forgetool/pkg/helper/netvalidate.go:79.2,79.12 1 0
github.com/trueforge-org/forgetool/pkg/helper/netvalidate.go:79.12,82.3 2 0
github.com/trueforge-org/forgetool/pkg/helper/netvalidate.go:85.73,87.21 2 0
github.com/trueforge-org/forgetool/pkg/helper/netvalidate.go:87.21,90.3 2 0
github.com/trueforge-org/forgetool/pkg/helper/netvalidate.go:92.2,95.38 3 0
github.com/trueforge-org/forgetool/pkg/helper/netvalidate.go:95.38,98.3 2 0
github.com/trueforge-org/forgetool/pkg/helper/netvalidate.go:100.2,100.30 1 0
github.com/trueforge-org/forgetool/pkg/helper/netvalidate.go:100.30,103.3 2 0
github.com/trueforge-org/forgetool/pkg/helper/prompts.go:13.37,15.6 2 0
github.com/trueforge-org/forgetool/pkg/helper/prompts.go:15.6,18.17 3 0
github.com/trueforge-org/forgetool/pkg/helper/prompts.go:18.17,20.12 2 0
github.com/trueforge-org/forgetool/pkg/helper/prompts.go:23.3,26.16 3 0
github.com/trueforge-org/forgetool/pkg/helper/prompts.go:27.19,28.15 1 0
github.com/trueforge-org/forgetool/pkg/helper/prompts.go:29.18,30.16 1 0
github.com/trueforge-org/forgetool/pkg/helper/prompts.go:31.11,32.64 1 0
github.com/trueforge-org/forgetool/pkg/helper/replace.go:12.79,15.16 2 7
github.com/trueforge-org/forgetool/pkg/helper/replace.go:15.16,17.3 1 1
github.com/trueforge-org/forgetool/pkg/helper/replace.go:20.2,27.16 4 6
github.com/trueforge-org/forgetool/pkg/helper/replace.go:27.16,29.3 1 0
github.com/trueforge-org/forgetool/pkg/helper/replace.go:31.2,31.12 1 6
github.com/trueforge-org/forgetool/pkg/helper/replace.go:35.111,38.16 2 5
github.com/trueforge-org/forgetool/pkg/helper/replace.go:38.16,40.3 1 1
github.com/trueforge-org/forgetool/pkg/helper/replace.go:43.2,48.16 4 4
github.com/trueforge-org/forgetool/pkg/helper/replace.go:48.16,50.3 1 1
github.com/trueforge-org/forgetool/pkg/helper/replace.go:51.2,58.21 5 3
github.com/trueforge-org/forgetool/pkg/helper/replace.go:58.21,61.35 2 9
github.com/trueforge-org/forgetool/pkg/helper/replace.go:61.35,66.23 3 3
github.com/trueforge-org/forgetool/pkg/helper/replace.go:66.23,68.37 2 8
github.com/trueforge-org/forgetool/pkg/helper/replace.go:68.37,69.11 1 3
github.com/trueforge-org/forgetool/pkg/helper/replace.go:74.4,74.45 1 3
github.com/trueforge-org/forgetool/pkg/helper/replace.go:75.9,75.29 1 6
github.com/trueforge-org/forgetool/pkg/helper/replace.go:75.29,77.4 1 6
github.com/trueforge-org/forgetool/pkg/helper/replace.go:79.3,79.53 1 9
github.com/trueforge-org/forgetool/pkg/helper/replace.go:79.53,82.4 2 3
github.com/trueforge-org/forgetool/pkg/helper/replace.go:85.2,85.38 1 3
github.com/trueforge-org/forgetool/pkg/helper/replace.go:85.38,87.3 1 0
github.com/trueforge-org/forgetool/pkg/helper/replace.go:90.2,91.16 2 3
github.com/trueforge-org/forgetool/pkg/helper/replace.go:91.16,93.3 1 0
github.com/trueforge-org/forgetool/pkg/helper/replace.go:95.2,95.12 1 3
github.com/trueforge-org/forgetool/pkg/helper/runcmd.go:18.62,21.29 3 0
github.com/trueforge-org/forgetool/pkg/helper/runcmd.go:21.29,23.37 2 0
github.com/trueforge-org/forgetool/pkg/helper/runcmd.go:23.37,24.38 1 0
github.com/trueforge-org/forgetool/pkg/helper/runcmd.go:24.38,26.10 2 0
github.com/trueforge-org/forgetool/pkg/helper/runcmd.go:29.3,29.20 1 0
github.com/trueforge-org/forgetool/pkg/helper/runcmd.go:29.20,31.4 1 0
github.com/trueforge-org/forgetool/pkg/helper/runcmd.go:33.2,33.67 1 0
github.com/trueforge-org/forgetool/pkg/helper/runcmd.go:36.69,39.33 3 0
github.com/trueforge-org/forgetool/pkg/helper/runcmd.go:39.33,41.3 1 0
github.com/trueforge-org/forgetool/pkg/helper/runcmd.go:42.2,45.12 3 0
github.com/trueforge-org/forgetool/pkg/helper/runcmd.go:45.12,48.3 2 0
github.com/trueforge-org/forgetool/pkg/helper/runcmd.go:48.8,51.3 2 0
github.com/trueforge-org/forgetool/pkg/helper/runcmd.go:53.2,54.16 2 0
github.com/trueforge-org/forgetool/pkg/helper/runcmd.go:54.16,56.3 1 0
github.com/trueforge-org/forgetool/pkg/helper/runcmd.go:58.2,58.53 1 0
github.com/trueforge-org/forgetool/pkg/helper/talhelperextract.go:21.37,25.31 3 0
github.com/trueforge-org/forgetool/pkg/helper/talhelperextract.go:25.31,26.41 1 0
github.com/trueforge-org/forgetool/pkg/helper/talhelperextract.go:26.41,28.9 2 0
github.com/trueforge-org/forgetool/pkg/helper/talhelperextract.go:30.3,30.41 1 0
github.com/trueforge-org/forgetool/pkg/helper/talhelperextract.go:30.41,32.9 2 0
github.com/trueforge-org/forgetool/pkg/helper/talhelperextract.go:36.2,36.16 1 0
github.com/trueforge-org/forgetool/pkg/helper/talhelperextract.go:38.42,42.31 3 0
github.com/trueforge-org/forgetool/pkg/helper/talhelperextract.go:42.31,43.40 1 0
github.com/trueforge-org/forgetool/pkg/helper/talhelperextract.go:43.40,47.4 3 0
github.com/trueforge-org/forgetool/pkg/helper/talhelperextract.go:49.2,49.26 1 0
github.com/trueforge-org/forgetool/pkg/helper/talhelperextract.go:53.55,57.16 2 0
github.com/trueforge-org/forgetool/pkg/helper/talhelperextract.go:57.16,59.3 1 0
github.com/trueforge-org/forgetool/pkg/helper/talhelperextract.go:62.2,67.16 4 0
github.com/trueforge-org/forgetool/pkg/helper/talhelperextract.go:67.16,69.3 1 0
github.com/trueforge-org/forgetool/pkg/helper/talhelperextract.go:72.2,73.36 2 0
github.com/trueforge-org/forgetool/pkg/helper/talhelperextract.go:73.36,75.3 1 0
github.com/trueforge-org/forgetool/pkg/helper/talhelperextract.go:77.2,77.27 1 0
github.com/trueforge-org/forgetool/pkg/helper/time.go:13.29,19.16 4 1
github.com/trueforge-org/forgetool/pkg/helper/time.go:19.16,22.3 2 1
github.com/trueforge-org/forgetool/pkg/helper/time.go:25.2,31.63 3 0
github.com/trueforge-org/forgetool/pkg/helper/time.go:31.63,33.3 1 0
github.com/trueforge-org/forgetool/pkg/helper/time.go:33.8,39.3 5 0
github.com/trueforge-org/forgetool/pkg/helper/time.go:40.2,40.66 1 0
github.com/trueforge-org/forgetool/pkg/helper/tooldocs.go:13.48,16.56 2 0
github.com/trueforge-org/forgetool/pkg/helper/tooldocs.go:16.56,19.3 2 0
github.com/trueforge-org/forgetool/pkg/helper/tooldocs.go:20.2,20.62 1 0
github.com/trueforge-org/forgetool/pkg/helper/tooldocs.go:20.62,23.3 2 0
github.com/trueforge-org/forgetool/pkg/helper/tooldocs.go:25.2,27.58 2 0
github.com/trueforge-org/forgetool/pkg/helper/tooldocs.go:31.58,33.16 2 0
github.com/trueforge-org/forgetool/pkg/helper/tooldocs.go:33.16,35.3 1 0
github.com/trueforge-org/forgetool/pkg/helper/tooldocs.go:37.2,37.29 1 0
github.com/trueforge-org/forgetool/pkg/helper/tooldocs.go:37.29,38.19 1 0
github.com/trueforge-org/forgetool/pkg/helper/tooldocs.go:38.19,40.12 2 0
github.com/trueforge-org/forgetool/pkg/helper/tooldocs.go:43.3,50.17 6 0
github.com/trueforge-org/forgetool/pkg/helper/tooldocs.go:50.17,52.12 2 0
github.com/trueforge-org/forgetool/pkg/helper/tooldocs.go:55.3,56.69 2 0
github.com/trueforge-org/forgetool/pkg/helper/tooldocs.go:56.69,58.12 2 0
github.com/trueforge-org/forgetool/pkg/helper/tooldocs.go:61.3,61.71 1 0
github.com/trueforge-org/forgetool/pkg/helper/tooldocs.go:61.71,63.4 1 0
github.com/trueforge-org/forgetool/pkg/helper/tooldocs.go:63.9,65.4 1 0
github.com/trueforge-org/forgetool/pkg/helper/tooldocs.go:67.2,67.12 1 0
github.com/trueforge-org/forgetool/pkg/helper/tooldocs.go:71.67,73.20 2 0
github.com/trueforge-org/forgetool/pkg/helper/tooldocs.go:73.20,75.3 1 0
github.com/trueforge-org/forgetool/pkg/helper/tooldocs.go:76.2,78.27 3 0
github.com/trueforge-org/forgetool/pkg/helper/tooldocs.go:78.27,80.3 1 0
github.com/trueforge-org/forgetool/pkg/helper/tooldocs.go:80.8,82.3 1 0
github.com/trueforge-org/forgetool/pkg/helper/tooldocs.go:83.2,84.8 2 0
github.com/trueforge-org/forgetool/pkg/helper/tooldocs.go:88.63,93.20 4 0
github.com/trueforge-org/forgetool/pkg/helper/tooldocs.go:93.20,96.3 2 0
github.com/trueforge-org/forgetool/pkg/helper/tooldocs.go:96.8,96.71 1 0
github.com/trueforge-org/forgetool/pkg/helper/tooldocs.go:96.71,98.27 2 0
github.com/trueforge-org/forgetool/pkg/helper/tooldocs.go:98.27,100.4 1 0
github.com/trueforge-org/forgetool/pkg/helper/tooldocs.go:101.3,104.67 4 0
github.com/trueforge-org/forgetool/pkg/helper/tooldocs.go:108.2,108.21 1 0
github.com/trueforge-org/forgetool/pkg/helper/tooldocs.go:108.21,110.46 2 0
github.com/trueforge-org/forgetool/pkg/helper/tooldocs.go:110.46,112.9 2 0
github.com/trueforge-org/forgetool/pkg/helper/tooldocs.go:114.3,114.35 1 0
github.com/trueforge-org/forgetool/pkg/helper/tooldocs.go:117.2,117.33 1 0
github.com/trueforge-org/forgetool/pkg/helper/tooldocs.go:121.71,122.69 1 0
github.com/trueforge-org/forgetool/pkg/helper/tooldocs.go:122.69,124.3 1 0
github.com/trueforge-org/forgetool/pkg/helper/tooldocs.go:125.2,125.65 1 0
github.com/trueforge-org/forgetool/pkg/helper/tooldocs.go:125.65,127.3 1 0
github.com/trueforge-org/forgetool/pkg/helper/tooldocs.go:130.2,130.45 1 0
github.com/trueforge-org/forgetool/pkg/helper/tooldocs.go:130.45,132.3 1 0
github.com/trueforge-org/forgetool/pkg/helper/tooldocs.go:134.2,135.12 2 0
github.com/trueforge-org/forgetool/pkg/helper/tooldocs.go:139.57,141.16 2 0
github.com/trueforge-org/forgetool/pkg/helper/tooldocs.go:141.16,143.3 1 0
github.com/trueforge-org/forgetool/pkg/helper/tooldocs.go:145.2,145.29 1 0
github.com/trueforge-org/forgetool/pkg/helper/tooldocs.go:145.29,146.19 1 0
github.com/trueforge-org/forgetool/pkg/helper/tooldocs.go:146.19,147.12 1 0
github.com/trueforge-org/forgetool/pkg/helper/tooldocs.go:150.3,152.63 3 0
github.com/trueforge-org/forgetool/pkg/helper/tooldocs.go:152.63,154.84 2 0
github.com/trueforge-org/forgetool/pkg/helper/tooldocs.go:154.84,157.5 2 0
github.com/trueforge-org/forgetool/pkg/helper/tooldocs.go:158.4,158.113 1 0
github.com/trueforge-org/forgetool/pkg/helper/tooldocs.go:161.2,161.12 1 0
github.com/trueforge-org/forgetool/pkg/helper/tooldocs.go:165.47,170.52 3 0
github.com/trueforge-org/forgetool/pkg/helper/tooldocs.go:170.52,173.3 2 0
github.com/trueforge-org/forgetool/pkg/helper/tooldocs.go:176.2,176.52 1 0
github.com/trueforge-org/forgetool/pkg/helper/tooldocs.go:176.52,178.3 1 0
github.com/trueforge-org/forgetool/pkg/helper/tooldocs.go:180.2,181.12 2 0
github.com/trueforge-org/forgetool/pkg/helper/var2file.go:10.55,11.45 1 0
github.com/trueforge-org/forgetool/pkg/helper/var2file.go:11.46,13.3 0 0
github.com/trueforge-org/forgetool/pkg/helper/var2file.go:13.8,13.43 1 0
github.com/trueforge-org/forgetool/pkg/helper/var2file.go:13.43,16.17 2 0
github.com/trueforge-org/forgetool/pkg/helper/var2file.go:16.17,19.4 2 0
github.com/trueforge-org/forgetool/pkg/helper/var2file.go:20.9,22.3 0 0
github.com/trueforge-org/forgetool/pkg/helper/var2file.go:23.2,23.12 1 0
github.com/trueforge-org/forgetool/pkg/helper/walker.go:11.74,12.21 1 0
github.com/trueforge-org/forgetool/pkg/helper/walker.go:12.21,15.3 1 0
github.com/trueforge-org/forgetool/pkg/helper/walker.go:16.2,18.28 2 0
github.com/trueforge-org/forgetool/pkg/helper/walker.go:18.28,20.23 2 0
github.com/trueforge-org/forgetool/pkg/helper/walker.go:20.23,22.52 2 0
github.com/trueforge-org/forgetool/pkg/helper/walker.go:22.52,24.5 1 0
github.com/trueforge-org/forgetool/pkg/helper/walker.go:27.3,27.23 1 0
github.com/trueforge-org/forgetool/pkg/helper/walker.go:27.23,30.4 1 0
github.com/trueforge-org/forgetool/pkg/helper/walker.go:33.2,33.23 1 0
github.com/trueforge-org/forgetool/pkg/helper/walker.go:33.23,36.3 1 0
github.com/trueforge-org/forgetool/pkg/helper/walker.go:38.2,38.12 1 0
github.com/trueforge-org/forgetool/pkg/helper/yamlutil.go:17.43,19.2 1 0
github.com/trueforge-org/forgetool/pkg/helper/yamlutil.go:22.41,24.2 1 0
github.com/trueforge-org/forgetool/pkg/helper/yamlutil.go:27.47,29.16 2 0
github.com/trueforge-org/forgetool/pkg/helper/yamlutil.go:29.16,31.3 1 0
github.com/trueforge-org/forgetool/pkg/helper/yamlutil.go:34.2,34.18 1 0
github.com/trueforge-org/forgetool/pkg/helper/yamlutil.go:34.18,36.56 2 0
github.com/trueforge-org/forgetool/pkg/helper/yamlutil.go:36.56,37.21 1 0
github.com/trueforge-org/forgetool/pkg/helper/yamlutil.go:37.21,39.5 1 0
github.com/trueforge-org/forgetool/pkg/helper/yamlutil.go:40.4,41.32 2 0
github.com/trueforge-org/forgetool/pkg/helper/yamlutil.go:43.3,43.30 1 0
github.com/trueforge-org/forgetool/pkg/helper/yamlutil.go:46.2,47.12 2 0
github.com/trueforge-org/forgetool/pkg/gencmd/apply.go:13.57,18.16 3 0
github.com/trueforge-org/forgetool/pkg/gencmd/apply.go:18.16,20.53 1 0
github.com/trueforge-org/forgetool/pkg/gencmd/apply.go:20.53,24.4 3 0
github.com/trueforge-org/forgetool/pkg/gencmd/apply.go:25.8,27.53 2 0
github.com/trueforge-org/forgetool/pkg/gencmd/apply.go:27.53,28.33 1 0
github.com/trueforge-org/forgetool/pkg/gencmd/apply.go:28.33,30.5 1 0
github.com/trueforge-org/forgetool/pkg/gencmd/apply.go:32.3,32.21 1 0
github.com/trueforge-org/forgetool/pkg/gencmd/apply.go:32.21,35.4 2 0
github.com/trueforge-org/forgetool/pkg/gencmd/apply.go:37.3,39.35 3 0
github.com/trueforge-org/forgetool/pkg/gencmd/apply.go:41.2,42.17 2 0
github.com/trueforge-org/forgetool/pkg/gencmd/bootstrap.go:26.34,28.19 2 0
github.com/trueforge-org/forgetool/pkg/gencmd/bootstrap.go:28.19,30.3 1 0
github.com/trueforge-org/forgetool/pkg/gencmd/bootstrap.go:32.2,32.44 1 0
github.com/trueforge-org/forgetool/pkg/gencmd/bootstrap.go:32.44,34.3 1 0
github.com/trueforge-org/forgetool/pkg/gencmd/bootstrap.go:36.2,70.79 17 0
github.com/trueforge-org/forgetool/pkg/gencmd/bootstrap.go:70.79,74.3 2 0
github.com/trueforge-org/forgetool/pkg/gencmd/bootstrap.go:76.2,83.16 4 0
github.com/trueforge-org/forgetool/pkg/gencmd/bootstrap.go:83.16,86.3 2 0
github.com/trueforge-org/forgetool/pkg/gencmd/bootstrap.go:87.2,93.16 4 0
github.com/trueforge-org/forgetool/pkg/gencmd/bootstrap.go:93.16,96.3 2 0
github.com/trueforge-org/forgetool/pkg/gencmd/bootstrap.go:99.2,116.95 7 0
github.com/trueforge-org/forgetool/pkg/gencmd/bootstrap.go:116.95,117.17 1 0
github.com/trueforge-org/forgetool/pkg/gencmd/bootstrap.go:117.17,119.4 1 0
github.com/trueforge-org/forgetool/pkg/gencmd/bootstrap.go:120.3,120.16 1 0
github.com/trueforge-org/forgetool/pkg/gencmd/bootstrap.go:120.16,122.4 1 0
github.com/trueforge-org/forgetool/pkg/gencmd/bootstrap.go:123.3,123.46 1 0
github.com/trueforge-org/forgetool/pkg/gencmd/bootstrap.go:123.46,125.4 1 0
github.com/trueforge-org/forgetool/pkg/gencmd/bootstrap.go:126.3,126.56 1 0
github.com/trueforge-org/forgetool/pkg/gencmd/bootstrap.go:126.56,128.4 1 0
github.com/trueforge-org/forgetool/pkg/gencmd/bootstrap.go:129.3,129.13 1 0
github.com/trueforge-org/forgetool/pkg/gencmd/bootstrap.go:132.2,132.16 1 0
github.com/trueforge-org/forgetool/pkg/gencmd/bootstrap.go:132.16,135.3 2 0
github.com/trueforge-org/forgetool/pkg/gencmd/bootstrap.go:137.2,137.46 1 0
github.com/trueforge-org/forgetool/pkg/gencmd/bootstrap.go:137.46,139.65 2 0
github.com/trueforge-org/forgetool/pkg/gencmd/bootstrap.go:139.65,142.4 2 0
github.com/trueforge-org/forgetool/pkg/gencmd/bootstrap.go:145.2,145.41 1 0
github.com/trueforge-org/forgetool/pkg/gencmd/bootstrap.go:145.41,147.65 2 0
github.com/trueforge-org/forgetool/pkg/gencmd/bootstrap.go:147.65,150.4 2 0
github.com/trueforge-org/forgetool/pkg/gencmd/bootstrap.go:153.2,188.82 12 0
github.com/trueforge-org/forgetool/pkg/gencmd/bootstrap.go:188.82,192.3 2 0
github.com/trueforge-org/forgetool/pkg/gencmd/bootstrap.go:194.2,200.40 3 0
github.com/trueforge-org/forgetool/pkg/gencmd/bootstrap.go:200.40,202.65 2 0
github.com/trueforge-org/forgetool/pkg/gencmd/bootstrap.go:202.65,205.4 2 0
github.com/trueforge-org/forgetool/pkg/gencmd/bootstrap.go:208.2,224.54 7 0
github.com/trueforge-org/forgetool/pkg/gencmd/execcmd.go:13.26,20.16 4 0
github.com/trueforge-org/forgetool/pkg/gencmd/execcmd.go:20.16,22.41 2 0
github.com/trueforge-org/forgetool/pkg/gencmd/execcmd.go:22.41,27.85 4 0
github.com/trueforge-org/forgetool/pkg/gencmd/execcmd.go:27.85,31.9 3 0
github.com/trueforge-org/forgetool/pkg/gencmd/execcmd.go:31.9,36.88 4 0
github.com/trueforge-org/forgetool/pkg/gencmd/execcmd.go:36.88,37.12 1 0
github.com/trueforge-org/forgetool/pkg/gencmd/execcmd.go:39.6,39.38 1 0
github.com/trueforge-org/forgetool/pkg/gencmd/execcmd.go:39.38,41.12 2 0
github.com/trueforge-org/forgetool/pkg/gencmd/execcmd.go:50.59,56.17 6 0
github.com/trueforge-org/forgetool/pkg/gencmd/execcmd.go:56.17,59.37 2 0
github.com/trueforge-org/forgetool/pkg/gencmd/execcmd.go:59.37,64.18 4 0
github.com/trueforge-org/forgetool/pkg/gencmd/execcmd.go:64.18,67.90 3 0
github.com/trueforge-org/forgetool/pkg/gencmd/execcmd.go:67.90,70.6 2 0
github.com/trueforge-org/forgetool/pkg/gencmd/execcmd.go:70.11,72.6 1 0
github.com/trueforge-org/forgetool/pkg/gencmd/execcmd.go:74.4,74.40 1 0
github.com/trueforge-org/forgetool/pkg/gencmd/execcmd.go:76.3,76.14 1 0
github.com/trueforge-org/forgetool/pkg/gencmd/execcmd.go:76.14,78.4 1 0
github.com/trueforge-org/forgetool/pkg/gencmd/execcmd.go:78.9,79.93 1 0
github.com/trueforge-org/forgetool/pkg/gencmd/execcmd.go:79.93,83.5 3 0
github.com/trueforge-org/forgetool/pkg/gencmd/execcmd.go:83.10,85.5 1 0
github.com/trueforge-org/forgetool/pkg/gencmd/execcmd.go:87.8,89.3 1 0
github.com/trueforge-org/forgetool/pkg/gencmd/execcmd.go:91.2,92.35 2 0
github.com/trueforge-org/forgetool/pkg/gencmd/execcmd.go:92.35,99.17 6 0
github.com/trueforge-org/forgetool/pkg/gencmd/execcmd.go:99.17,100.80 1 0
github.com/trueforge-org/forgetool/pkg/gencmd/execcmd.go:100.80,104.20 4 0
github.com/trueforge-org/forgetool/pkg/gencmd/execcmd.go:104.20,106.6 1 0
github.com/trueforge-org/forgetool/pkg/gencmd/execcmd.go:107.10,110.111 3 0
github.com/trueforge-org/forgetool/pkg/gencmd/execcmd.go:110.111,113.6 2 0
github.com/trueforge-org/forgetool/pkg/gencmd/execcmd.go:118.3,120.18 2 0
github.com/trueforge-org/forgetool/pkg/gencmd/execcmd.go:120.18,123.18 3 0
github.com/trueforge-org/forgetool/pkg/gencmd/execcmd.go:123.18,125.111 2 0
github.com/trueforge-org/forgetool/pkg/gencmd/execcmd.go:125.111,128.6 2 0
github.com/trueforge-org/forgetool/pkg/gencmd/execcmd.go:133.2,133.75 1 0
github.com/trueforge-org/forgetool/pkg/gencmd/execcmd.go:133.75,136.3 2 0
github.com/trueforge-org/forgetool/pkg/gencmd/execcmd.go:137.2,137.12 1 0
github.com/trueforge-org/forgetool/pkg/gencmd/genconfig.go:18.37,19.41 1 0
github.com/trueforge-org/forgetool/pkg/gencmd/genconfig.go:19.41,22.3 2 0
github.com/trueforge-org/forgetool/pkg/gencmd/genconfig.go:23.2,23.44 1 0
github.com/trueforge-org/forgetool/pkg/gencmd/genconfig.go:23.44,25.3 1 0
github.com/trueforge-org/forgetool/pkg/gencmd/genconfig.go:26.2,34.98 8 0
github.com/trueforge-org/forgetool/pkg/gencmd/genconfig.go:34.98,36.3 1 0
github.com/trueforge-org/forgetool/pkg/gencmd/genconfig.go:37.2,37.98 1 0
github.com/trueforge-org/forgetool/pkg/gencmd/genconfig.go:37.98,39.3 1 0
github.com/trueforge-org/forgetool/pkg/gencmd/genconfig.go:39.8,41.3 1 0
github.com/trueforge-org/forgetool/pkg/gencmd/genconfig.go:42.2,44.12 3 0
github.com/trueforge-org/forgetool/pkg/gencmd/genconfig.go:47.27,49.57 2 0
github.com/trueforge-org/forgetool/pkg/gencmd/genconfig.go:49.57,51.3 1 0
github.com/trueforge-org/forgetool/pkg/gencmd/genconfig.go:51.8,51.43 1 0
github.com/trueforge-org/forgetool/pkg/gencmd/genconfig.go:51.43,55.17 4 0
github.com/trueforge-org/forgetool/pkg/gencmd/genconfig.go:55.17,56.14 1 0
github.com/trueforge-org/forgetool/pkg/gencmd/genconfig.go:58.3,68.17 7 0
github.com/trueforge-org/forgetool/pkg/gencmd/genconfig.go:68.17,70.4 1 0
github.com/trueforge-org/forgetool/pkg/gencmd/genconfig.go:72.3,73.17 2 0
github.com/trueforge-org/forgetool/pkg/gencmd/genconfig.go:73.17,75.14 1 0
github.com/trueforge-org/forgetool/pkg/gencmd/genconfig.go:78.3,78.13 1 0
github.com/trueforge-org/forgetool/pkg/gencmd/genconfig.go:80.9,82.3 0 0
github.com/trueforge-org/forgetool/pkg/gencmd/genconfig.go:83.2,83.12 1 0
github.com/trueforge-org/forgetool/pkg/gencmd/plain.go:12.73,18.16 4 0
github.com/trueforge-org/forgetool/pkg/gencmd/plain.go:18.16,21.53 2 0
github.com/trueforge-org/forgetool/pkg/gencmd/plain.go:21.53,24.27 3 0
github.com/trueforge-org/forgetool/pkg/gencmd/plain.go:24.27,26.5 1 0
github.com/trueforge-org/forgetool/pkg/gencmd/plain.go:26.10,29.5 2 0
github.com/trueforge-org/forgetool/pkg/gencmd/plain.go:30.4,30.36 1 0
github.com/trueforge-org/forgetool/pkg/gencmd/plain.go:32.8,35.26 3 0
github.com/trueforge-org/forgetool/pkg/gencmd/plain.go:35.26,37.4 1 0
github.com/trueforge-org/forgetool/pkg/gencmd/plain.go:37.9,40.4 2 0
github.com/trueforge-org/forgetool/pkg/gencmd/plain.go:42.3,42.35 1 0
github.com/trueforge-org/forgetool/pkg/gencmd/plain.go:44.2,45.17 2 0
github.com/trueforge-org/forgetool/pkg/gencmd/upgrade.go:17.60,33.31 12 0
github.com/trueforge-org/forgetool/pkg/gencmd/upgrade.go:33.31,34.16 1 0
github.com/trueforge-org/forgetool/pkg/gencmd/upgrade.go:34.16,37.4 2 0
github.com/trueforge-org/forgetool/pkg/gencmd/upgrade.go:41.2,41.16 1 0
github.com/trueforge-org/forgetool/pkg/gencmd/upgrade.go:41.16,43.3 1 0
github.com/trueforge-org/forgetool/pkg/gencmd/upgrade.go:44.2,44.14 1 0
github.com/trueforge-org/forgetool/pkg/gencmd/upgrade.go:47.41,51.2 3 0
github.com/trueforge-org/forgetool/pkg/nodestatus/health.go:11.65,15.16 3 0
github.com/trueforge-org/forgetool/pkg/nodestatus/health.go:15.16,17.14 2 0
github.com/trueforge-org/forgetool/pkg/nodestatus/health.go:17.14,20.4 2 0
github.com/trueforge-org/forgetool/pkg/nodestatus/health.go:21.3,22.31 2 0
github.com/trueforge-org/forgetool/pkg/nodestatus/health.go:25.2,26.13 2 0
github.com/trueforge-org/forgetool/pkg/nodestatus/health.go:26.13,28.3 1 0
github.com/trueforge-org/forgetool/pkg/nodestatus/health.go:30.2,30.51 1 0
github.com/trueforge-org/forgetool/pkg/nodestatus/health.go:30.51,31.14 1 0
github.com/trueforge-org/forgetool/pkg/nodestatus/health.go:31.14,34.4 2 0
github.com/trueforge-org/forgetool/pkg/nodestatus/health.go:35.8,35.65 1 0
github.com/trueforge-org/forgetool/pkg/nodestatus/health.go:35.65,38.3 2 0
github.com/trueforge-org/forgetool/pkg/nodestatus/health.go:38.8,38.61 1 0
github.com/trueforge-org/forgetool/pkg/nodestatus/health.go:38.61,40.17 2 0
github.com/trueforge-org/forgetool/pkg/nodestatus/health.go:40.17,44.15 2 0
github.com/trueforge-org/forgetool/pkg/nodestatus/health.go:44.15,46.5 1 0
github.com/trueforge-org/forgetool/pkg/nodestatus/health.go:47.4,47.32 1 0
github.com/trueforge-org/forgetool/pkg/nodestatus/health.go:49.8,50.14 1 0
github.com/trueforge-org/forgetool/pkg/nodestatus/health.go:50.14,53.4 2 0
github.com/trueforge-org/forgetool/pkg/nodestatus/health.go:55.3,55.42 1 0
github.com/trueforge-org/forgetool/pkg/nodestatus/health.go:57.2,58.12 2 0
github.com/trueforge-org/forgetool/pkg/nodestatus/health.go:61.66,63.21 2 0
github.com/trueforge-org/forgetool/pkg/nodestatus/health.go:63.21,64.32 1 0
github.com/trueforge-org/forgetool/pkg/nodestatus/health.go:64.32,66.4 1 0
github.com/trueforge-org/forgetool/pkg/nodestatus/health.go:67.8,70.3 2 0
github.com/trueforge-org/forgetool/pkg/nodestatus/health.go:72.2,87.31 8 0
github.com/trueforge-org/forgetool/pkg/nodestatus/health.go:87.31,90.17 3 0
github.com/trueforge-org/forgetool/pkg/nodestatus/health.go:90.17,93.4 2 0
github.com/trueforge-org/forgetool/pkg/nodestatus/health.go:97.2,97.6 1 0
github.com/trueforge-org/forgetool/pkg/nodestatus/health.go:97.6,98.10 1 0
github.com/trueforge-org/forgetool/pkg/nodestatus/health.go:99.19,101.33 2 0
github.com/trueforge-org/forgetool/pkg/nodestatus/health.go:101.33,103.19 2 0
github.com/trueforge-org/forgetool/pkg/nodestatus/health.go:103.19,106.6 2 0
github.com/trueforge-org/forgetool/pkg/nodestatus/health.go:109.18,111.66 2 0
github.com/trueforge-org/forgetool/pkg/nodestatus/status.go:13.42,18.2 3 0
github.com/trueforge-org/forgetool/pkg/nodestatus/status.go:20.52,25.16 4 0
github.com/trueforge-org/forgetool/pkg/nodestatus/status.go:25.16,27.79 2 0
github.com/trueforge-org/forgetool/pkg/nodestatus/status.go:27.79,31.19 4 0
github.com/trueforge-org/forgetool/pkg/nodestatus/status.go:31.19,35.5 3 0
github.com/trueforge-org/forgetool/pkg/nodestatus/status.go:36.4,36.75 1 0
github.com/trueforge-org/forgetool/pkg/nodestatus/status.go:36.75,39.5 2 0
github.com/trueforge-org/forgetool/pkg/nodestatus/status.go:40.9,44.4 3 0
github.com/trueforge-org/forgetool/pkg/nodestatus/status.go:46.2,47.19 2 0
github.com/trueforge-org/forgetool/pkg/nodestatus/status.go:50.47,55.16 4 0
github.com/trueforge-org/forgetool/pkg/nodestatus/status.go:55.16,57.79 2 0
github.com/trueforge-org/forgetool/pkg/nodestatus/status.go:57.79,61.19 4 0
github.com/trueforge-org/forgetool/pkg/nodestatus/status.go:61.19,65.5 3 0
github.com/trueforge-org/forgetool/pkg/nodestatus/status.go:66.4,67.28 2 0
github.com/trueforge-org/forgetool/pkg/nodestatus/status.go:68.9,72.4 3 0
github.com/trueforge-org/forgetool/pkg/nodestatus/status.go:74.2,75.25 2 0
github.com/trueforge-org/forgetool/pkg/nodestatus/status.go:78.65,84.16 4 0
github.com/trueforge-org/forgetool/pkg/nodestatus/status.go:84.16,86.14 2 0
github.com/trueforge-org/forgetool/pkg/nodestatus/status.go:86.14,88.4 1 0
github.com/trueforge-org/forgetool/pkg/nodestatus/status.go:89.3,89.40 1 0
github.com/trueforge-org/forgetool/pkg/nodestatus/status.go:91.2,91.43 1 0
github.com/trueforge-org/forgetool/pkg/nodestatus/status.go:91.43,93.3 1 0
github.com/trueforge-org/forgetool/pkg/nodestatus/status.go:93.8,95.3 1 0
github.com/trueforge-org/forgetool/pkg/nodestatus/status.go:96.2,96.25 1 0
github.com/trueforge-org/forgetool/pkg/kubectlcmds/apply.go:24.45,30.16 4 0
github.com/trueforge-org/forgetool/pkg/kubectlcmds/apply.go:30.16,33.3 2 0
github.com/trueforge-org/forgetool/pkg/kubectlcmds/apply.go:36.2,37.16 2 0
github.com/trueforge-org/forgetool/pkg/kubectlcmds/apply.go:37.16,40.3 2 0
github.com/trueforge-org/forgetool/pkg/kubectlcmds/apply.go:42.2,43.15 2 0
github.com/trueforge-org/forgetool/pkg/kubectlcmds/apply.go:47.64,55.16 4 0
github.com/trueforge-org/forgetool/pkg/kubectlcmds/apply.go:55.16,58.3 2 0
github.com/trueforge-org/forgetool/pkg/kubectlcmds/apply.go:61.2,61.29 1 0
github.com/trueforge-org/forgetool/pkg/kubectlcmds/apply.go:61.29,63.72 2 0
github.com/trueforge-org/forgetool/pkg/kubectlcmds/apply.go:63.72,66.4 2 0
github.com/trueforge-org/forgetool/pkg/kubectlcmds/apply.go:67.3,67.119 1 0
github.com/trueforge-org/forgetool/pkg/kubectlcmds/apply.go:67.119,70.120 3 0
github.com/trueforge-org/forgetool/pkg/kubectlcmds/apply.go:70.120,73.5 2 0
github.com/trueforge-org/forgetool/pkg/kubectlcmds/apply.go:75.3,75.132 1 0
github.com/trueforge-org/forgetool/pkg/kubectlcmds/apply.go:78.2,79.12 2 0
github.com/trueforge-org/forgetool/pkg/kubectlcmds/apply.go:83.63,87.53 2 1
github.com/trueforge-org/forgetool/pkg/kubectlcmds/apply.go:87.53,90.3 2 1
github.com/trueforge-org/forgetool/pkg/kubectlcmds/apply.go:93.2,94.16 2 0
github.com/trueforge-org/forgetool/pkg/kubectlcmds/apply.go:94.16,97.3 2 0
github.com/trueforge-org/forgetool/pkg/kubectlcmds/apply.go:100.2,101.16 2 0
github.com/trueforge-org/forgetool/pkg/kubectlcmds/apply.go:101.16,104.3 2 0
github.com/trueforge-org/forgetool/pkg/kubectlcmds/apply.go:107.2,107.55 1 0
github.com/trueforge-org/forgetool/pkg/kubectlcmds/apply.go:107.55,110.3 2 0
github.com/trueforge-org/forgetool/pkg/kubectlcmds/apply.go:113.2,115.12 2 0
github.com/trueforge-org/forgetool/pkg/kubectlcmds/apply.go:119.72,123.53 2 1
github.com/trueforge-org/forgetool/pkg/kubectlcmds/apply.go:123.53,126.3 2 1
github.com/trueforge-org/forgetool/pkg/kubectlcmds/apply.go:129.2,130.16 2 0
github.com/trueforge-org/forgetool/pkg/kubectlcmds/apply.go:130.16,133.3 2 0
github.com/trueforge-org/forgetool/pkg/kubectlcmds/apply.go:135.2,136.22 2 0
github.com/trueforge-org/forgetool/pkg/kubectlcmds/apply.go:136.22,140.3 2 0
github.com/trueforge-org/forgetool/pkg/kubectlcmds/apply.go:140.8,144.3 2 0
github.com/trueforge-org/forgetool/pkg/kubectlcmds/apply.go:147.2,150.16 4 0
github.com/trueforge-org/forgetool/pkg/kubectlcmds/apply.go:150.16,153.3 2 0
github.com/trueforge-org/forgetool/pkg/kubectlcmds/apply.go:156.2,157.16 2 0
github.com/trueforge-org/forgetool/pkg/kubectlcmds/apply.go:157.16,160.3 2 0
github.com/trueforge-org/forgetool/pkg/kubectlcmds/apply.go:163.2,164.16 2 0
github.com/trueforge-org/forgetool/pkg/kubectlcmds/apply.go:164.16,167.3 2 0
github.com/trueforge-org/forgetool/pkg/kubectlcmds/apply.go:170.2,170.55 1 0
github.com/trueforge-org/forgetool/pkg/kubectlcmds/apply.go:170.55,173.3 2 0
github.com/trueforge-org/forgetool/pkg/kubectlcmds/apply.go:175.2,177.12 2 0
github.com/trueforge-org/forgetool/pkg/kubectlcmds/approvecerts.go:16.52,21.16 3 0
github.com/trueforge-org/forgetool/pkg/kubectlcmds/approvecerts.go:21.16,24.17 3 0
github.com/trueforge-org/forgetool/pkg/kubectlcmds/approvecerts.go:24.17,27.4 2 0
github.com/trueforge-org/forgetool/pkg/kubectlcmds/approvecerts.go:31.2,32.16 2 0
github.com/trueforge-org/forgetool/pkg/kubectlcmds/approvecerts.go:32.16,35.3 2 0
github.com/trueforge-org/forgetool/pkg/kubectlcmds/approvecerts.go:37.2,38.23 2 0
github.com/trueforge-org/forgetool/pkg/kubectlcmds/approvecerts.go:42.90,45.6 2 0
github.com/trueforge-org/forgetool/pkg/kubectlcmds/approvecerts.go:45.6,46.10 1 0
github.com/trueforge-org/forgetool/pkg/kubectlcmds/approvecerts.go:47.17,49.10 2 0
github.com/trueforge-org/forgetool/pkg/kubectlcmds/approvecerts.go:50.11,54.18 3 0
github.com/trueforge-org/forgetool/pkg/kubectlcmds/approvecerts.go:54.18,57.13 3 0
github.com/trueforge-org/forgetool/pkg/kubectlcmds/approvecerts.go:60.4,63.38 2 0
github.com/trueforge-org/forgetool/pkg/kubectlcmds/approvecerts.go:63.38,66.72 2 0
github.com/trueforge-org/forgetool/pkg/kubectlcmds/approvecerts.go:66.72,84.20 5 0
github.com/trueforge-org/forgetool/pkg/kubectlcmds/approvecerts.go:84.20,86.7 1 0
github.com/trueforge-org/forgetool/pkg/kubectlcmds/approvecerts.go:86.12,88.7 1 0
github.com/trueforge-org/forgetool/pkg/kubectlcmds/approvecerts.go:89.11,91.6 1 0
github.com/trueforge-org/forgetool/pkg/kubectlcmds/approvecerts.go:95.4,95.31 1 0
github.com/trueforge-org/forgetool/pkg/kubectlcmds/checkstatus.go:15.91,21.16 4 0
github.com/trueforge-org/forgetool/pkg/kubectlcmds/checkstatus.go:21.16,24.3 2 0
github.com/trueforge-org/forgetool/pkg/kubectlcmds/checkstatus.go:25.2,29.16 3 0
github.com/trueforge-org/forgetool/pkg/kubectlcmds/checkstatus.go:29.16,32.3 2 0
github.com/trueforge-org/forgetool/pkg/kubectlcmds/checkstatus.go:33.2,42.33 6 0
github.com/trueforge-org/forgetool/pkg/kubectlcmds/checkstatus.go:42.33,47.17 3 0
github.com/trueforge-org/forgetool/pkg/kubectlcmds/checkstatus.go:47.17,51.12 4 0
github.com/trueforge-org/forgetool/pkg/kubectlcmds/checkstatus.go:55.3,56.36 2 0
github.com/trueforge-org/forgetool/pkg/kubectlcmds/checkstatus.go:56.36,58.4 1 0
github.com/trueforge-org/forgetool/pkg/kubectlcmds/checkstatus.go:60.3,61.34 2 0
github.com/trueforge-org/forgetool/pkg/kubectlcmds/checkstatus.go:61.34,62.45 1 0
github.com/trueforge-org/forgetool/pkg/kubectlcmds/checkstatus.go:62.45,63.43 1 0
github.com/trueforge-org/forgetool/pkg/kubectlcmds/checkstatus.go:63.43,64.48 1 0
github.com/trueforge-org/forgetool/pkg/kubectlcmds/checkstatus.go:64.48,67.7 2 0
github.com/trueforge-org/forgetool/pkg/kubectlcmds/checkstatus.go:69.5,69.81 1 0
github.com/trueforge-org/forgetool/pkg/kubectlcmds/checkstatus.go:69.81,72.6 2 0
github.com/trueforge-org/forgetool/pkg/kubectlcmds/checkstatus.go:76.3,77.45 2 0
github.com/trueforge-org/forgetool/pkg/kubectlcmds/checkstatus.go:77.45,78.18 1 0
github.com/trueforge-org/forgetool/pkg/kubectlcmds/checkstatus.go:78.18,80.10 2 0
github.com/trueforge-org/forgetool/pkg/kubectlcmds/checkstatus.go:84.3,84.17 1 0
github.com/trueforge-org/forgetool/pkg/kubectlcmds/checkstatus.go:84.17,87.4 2 0
github.com/trueforge-org/forgetool/pkg/kubectlcmds/checkstatus.go:89.3,91.30 2 0
github.com/trueforge-org/forgetool/pkg/kubectlcmds/checkstatus.go:94.2,95.82 2 0
github.com/trueforge-org/forgetool/pkg/initfiles/clusterenv.go:16.36,18.76 1 0
github.com/trueforge-org/forgetool/pkg/initfiles/clusterenv.go:18.76,21.17 2 0
github.com/trueforge-org/forgetool/pkg/initfiles/clusterenv.go:21.17,24.4 2 0
github.com/trueforge-org/forgetool/pkg/initfiles/clusterenv.go:25.8,25.31 1 0
github.com/trueforge-org/forgetool/pkg/initfiles/clusterenv.go:25.31,27.13 1 0
github.com/trueforge-org/forgetool/pkg/initfiles/clusterenv.go:27.13,30.4 2 0
github.com/trueforge-org/forgetool/pkg/initfiles/clusterenv.go:30.9,33.4 2 0
github.com/trueforge-org/forgetool/pkg/initfiles/clusterenv.go:34.8,37.3 2 0
github.com/trueforge-org/forgetool/pkg/initfiles/clusterenv.go:40.2,45.12 6 0
github.com/trueforge-org/forgetool/pkg/initfiles/clusterenv.go:49.47,57.16 4 0
github.com/trueforge-org/forgetool/pkg/initfiles/clusterenv.go:57.16,61.3 3 0
github.com/trueforge-org/forgetool/pkg/initfiles/clusterenv.go:62.2,65.21 3 0
github.com/trueforge-org/forgetool/pkg/initfiles/clusterenv.go:65.21,70.68 3 0
github.com/trueforge-org/forgetool/pkg/initfiles/clusterenv.go:70.68,71.12 1 0
github.com/trueforge-org/forgetool/pkg/initfiles/clusterenv.go:75.3,76.23 2 0
github.com/trueforge-org/forgetool/pkg/initfiles/clusterenv.go:76.23,77.12 1 0
github.com/trueforge-org/forgetool/pkg/initfiles/clusterenv.go:81.3,87.20 3 0
github.com/trueforge-org/forgetool/pkg/initfiles/clusterenv.go:87.20,91.4 3 0
github.com/trueforge-org/forgetool/pkg/initfiles/clusterenv.go:94.2,94.38 1 0
github.com/trueforge-org/forgetool/pkg/initfiles/clusterenv.go:94.38,98.3 3 0
github.com/trueforge-org/forgetool/pkg/initfiles/clusterenv.go:100.2,100.18 1 0
github.com/trueforge-org/forgetool/pkg/initfiles/clusterenv.go:103.20,105.2 1 0
github.com/trueforge-org/forgetool/pkg/initfiles/clusterenv.go:107.24,109.40 1 0
github.com/trueforge-org/forgetool/pkg/initfiles/clusterenv.go:109.40,111.3 1 0
github.com/trueforge-org/forgetool/pkg/initfiles/clusterenv.go:113.26,115.40 1 0
github.com/trueforge-org/forgetool/pkg/initfiles/clusterenv.go:115.40,117.17 2 0
github.com/trueforge-org/forgetool/pkg/initfiles/clusterenv.go:117.17,122.4 3 0
github.com/trueforge-org/forgetool/pkg/initfiles/clusterenv.go:126.2,129.45 2 0
github.com/trueforge-org/forgetool/pkg/initfiles/clusterenv.go:132.67,135.21 2 0
github.com/trueforge-org/forgetool/pkg/initfiles/clusterenv.go:135.21,139.57 3 0
github.com/trueforge-org/forgetool/pkg/initfiles/clusterenv.go:139.57,141.4 1 0
github.com/trueforge-org/forgetool/pkg/initfiles/clusterenv.go:142.3,142.26 1 0
github.com/trueforge-org/forgetool/pkg/initfiles/clusterenv.go:146.2,149.28 3 0
github.com/trueforge-org/forgetool/pkg/initfiles/clusterenv.go:149.28,151.3 1 0
github.com/trueforge-org/forgetool/pkg/initfiles/clusterenv.go:152.2,152.25 1 0
github.com/trueforge-org/forgetool/pkg/initfiles/clusterenv.go:155.40,158.34 2 0
github.com/trueforge-org/forgetool/pkg/initfiles/clusterenv.go:158.34,160.14 2 0
github.com/trueforge-org/forgetool/pkg/initfiles/clusterenv.go:160.14,161.12 1 0
github.com/trueforge-org/forgetool/pkg/initfiles/clusterenv.go:164.3,165.17 2 0
github.com/trueforge-org/forgetool/pkg/initfiles/clusterenv.go:165.17,167.12 2 0
github.com/trueforge-org/forgetool/pkg/initfiles/clusterenv.go:171.3,171.26 1 0
github.com/trueforge-org/forgetool/pkg/initfiles/clusterenv.go:175.53,178.21 2 0
github.com/trueforge-org/forgetool/pkg/initfiles/clusterenv.go:178.21,182.57 3 0
github.com/trueforge-org/forgetool/pkg/initfiles/clusterenv.go:182.57,184.4 1 0
github.com/trueforge-org/forgetool/pkg/initfiles/clusterenv.go:185.3,185.33 1 0
github.com/trueforge-org/forgetool/pkg/initfiles/clusterenv.go:189.2,191.28 2 0
github.com/trueforge-org/forgetool/pkg/initfiles/clusterenv.go:191.28,193.3 1 0
github.com/trueforge-org/forgetool/pkg/initfiles/clusterenv.go:194.2,194.24 1 0
github.com/trueforge-org/forgetool/pkg/initfiles/clusterenv.go:197.50,200.39 2 0
github.com/trueforge-org/forgetool/pkg/initfiles/clusterenv.go:200.39,202.14 2 0
github.com/trueforge-org/forgetool/pkg/initfiles/clusterenv.go:202.14,203.12 1 0
github.com/trueforge-org/forgetool/pkg/initfiles/clusterenv.go:206.3,207.17 2 0
github.com/trueforge-org/forgetool/pkg/initfiles/clusterenv.go:207.17,209.12 2 0
github.com/trueforge-org/forgetool/pkg/initfiles/clusterenv.go:213.3,213.33 1 0
github.com/trueforge-org/forgetool/pkg/initfiles/clusterenv.go:217.59,219.55 1 0
github.com/trueforge-org/forgetool/pkg/initfiles/clusterenv.go:219.55,221.3 1 0
github.com/trueforge-org/forgetool/pkg/initfiles/clusterenv.go:222.2,222.23 1 0
github.com/trueforge-org/forgetool/pkg/initfiles/clusterenv.go:225.26,240.35 3 0
github.com/trueforge-org/forgetool/pkg/initfiles/clusterenv.go:240.35,241.31 1 0
github.com/trueforge-org/forgetool/pkg/initfiles/clusterenv.go:241.31,244.4 2 0
github.com/trueforge-org/forgetool/pkg/initfiles/clusterenv.go:248.2,254.46 5 0
github.com/trueforge-org/forgetool/pkg/initfiles/clusterenv.go:254.46,257.3 2 0
github.com/trueforge-org/forgetool/pkg/initfiles/clusterenv.go:260.2,260.22 1 0
github.com/trueforge-org/forgetool/pkg/initfiles/clusterenv.go:260.22,263.3 2 0
github.com/trueforge-org/forgetool/pkg/initfiles/clusterenv.go:266.2,267.16 2 0
github.com/trueforge-org/forgetool/pkg/initfiles/clusterenv.go:267.16,270.3 2 0
github.com/trueforge-org/forgetool/pkg/initfiles/clusterenv.go:271.2,271.13 1 0
github.com/trueforge-org/forgetool/pkg/initfiles/clusterenv.go:271.13,274.3 2 0
github.com/trueforge-org/forgetool/pkg/initfiles/clusterenv.go:276.2,277.16 2 0
github.com/trueforge-org/forgetool/pkg/initfiles/clusterenv.go:277.16,280.3 2 0
github.com/trueforge-org/forgetool/pkg/initfiles/clusterenv.go:281.2,281.13 1 0
github.com/trueforge-org/forgetool/pkg/initfiles/clusterenv.go:281.13,284.3 2 0
github.com/trueforge-org/forgetool/pkg/initfiles/clusterenv.go:286.2,287.16 2 0
github.com/trueforge-org/forgetool/pkg/initfiles/clusterenv.go:287.16,290.3 2 0
github.com/trueforge-org/forgetool/pkg/initfiles/clusterenv.go:291.2,291.13 1 0
github.com/trueforge-org/forgetool/pkg/initfiles/clusterenv.go:291.13,294.3 2 0
github.com/trueforge-org/forgetool/pkg/initfiles/clusterenv.go:297.2,297.41 1 0
github.com/trueforge-org/forgetool/pkg/initfiles/clusterenv.go:297.41,299.17 2 0
github.com/trueforge-org/forgetool/pkg/initfiles/clusterenv.go:299.17,302.4 2 0
github.com/trueforge-org/forgetool/pkg/initfiles/clusterenv.go:303.3,303.15 1 0
github.com/trueforge-org/forgetool/pkg/initfiles/clusterenv.go:303.15,306.4 2 0
github.com/trueforge-org/forgetool/pkg/initfiles/clusterenv.go:310.2,318.115 8 0
github.com/trueforge-org/forgetool/pkg/initfiles/initfiles.go:25.24,39.98 14 0
github.com/trueforge-org/forgetool/pkg/initfiles/initfiles.go:39.98,41.3 1 0
github.com/trueforge-org/forgetool/pkg/initfiles/initfiles.go:42.2,42.98 1 0
github.com/trueforge-org/forgetool/pkg/initfiles/initfiles.go:42.98,44.3 1 0
github.com/trueforge-org/forgetool/pkg/initfiles/initfiles.go:44.8,46.3 1 0
github.com/trueforge-org/forgetool/pkg/initfiles/initfiles.go:48.2,50.12 3 0
github.com/trueforge-org/forgetool/pkg/initfiles/initfiles.go:53.28,56.16 2 0
github.com/trueforge-org/forgetool/pkg/initfiles/initfiles.go:56.16,58.3 1 0
github.com/trueforge-org/forgetool/pkg/initfiles/initfiles.go:58.8,60.3 1 0
github.com/trueforge-org/forgetool/pkg/initfiles/initfiles.go:62.2,63.16 2 0
github.com/trueforge-org/forgetool/pkg/initfiles/initfiles.go:63.16,65.3 1 0
github.com/trueforge-org/forgetool/pkg/initfiles/initfiles.go:67.2,67.12 1 0
github.com/trueforge-org/forgetool/pkg/initfiles/initfiles.go:70.33,75.16 3 0
github.com/trueforge-org/forgetool/pkg/initfiles/initfiles.go:75.16,77.3 1 0
github.com/trueforge-org/forgetool/pkg/initfiles/initfiles.go:80.2,83.35 2 0
github.com/trueforge-org/forgetool/pkg/initfiles/initfiles.go:83.35,85.3 1 0
github.com/trueforge-org/forgetool/pkg/initfiles/initfiles.go:86.2,99.16 11 0
github.com/trueforge-org/forgetool/pkg/initfiles/initfiles.go:99.16,101.3 1 0
github.com/trueforge-org/forgetool/pkg/initfiles/initfiles.go:102.2,103.12 2 0
github.com/trueforge-org/forgetool/pkg/initfiles/initfiles.go:106.22,107.46 1 0
github.com/trueforge-org/forgetool/pkg/initfiles/initfiles.go:107.46,111.3 3 0
github.com/trueforge-org/forgetool/pkg/initfiles/initfiles.go:115.40,119.41 2 5
github.com/trueforge-org/forgetool/pkg/initfiles/initfiles.go:119.41,121.3 1 3
github.com/trueforge-org/forgetool/pkg/initfiles/initfiles.go:124.2,124.45 1 5
github.com/trueforge-org/forgetool/pkg/initfiles/initfiles.go:124.45,127.3 1 4
github.com/trueforge-org/forgetool/pkg/initfiles/initfiles.go:129.2,129.41 1 5
github.com/trueforge-org/forgetool/pkg/initfiles/initfiles.go:129.41,131.3 1 0
github.com/trueforge-org/forgetool/pkg/initfiles/initfiles.go:134.2,137.23 3 5
github.com/trueforge-org/forgetool/pkg/initfiles/initfiles.go:137.23,142.3 3 4
github.com/trueforge-org/forgetool/pkg/initfiles/initfiles.go:144.2,144.14 1 1
github.com/trueforge-org/forgetool/pkg/initfiles/initfiles.go:147.27,150.58 2 0
github.com/trueforge-org/forgetool/pkg/initfiles/initfiles.go:150.58,153.3 2 0
github.com/trueforge-org/forgetool/pkg/initfiles/initfiles.go:153.8,153.31 1 0
github.com/trueforge-org/forgetool/pkg/initfiles/initfiles.go:153.31,156.3 2 0
github.com/trueforge-org/forgetool/pkg/initfiles/initfiles.go:156.8,159.3 2 0
github.com/trueforge-org/forgetool/pkg/initfiles/initfiles.go:161.2,162.16 2 0
github.com/trueforge-org/forgetool/pkg/initfiles/initfiles.go:162.16,164.3 1 0
github.com/trueforge-org/forgetool/pkg/initfiles/initfiles.go:164.8,166.3 1 0
github.com/trueforge-org/forgetool/pkg/initfiles/initfiles.go:168.2,168.24 1 0
github.com/trueforge-org/forgetool/pkg/initfiles/initfiles.go:168.24,170.3 1 0
github.com/trueforge-org/forgetool/pkg/initfiles/initfiles.go:172.2,173.12 2 0
github.com/trueforge-org/forgetool/pkg/initfiles/initfiles.go:177.27,179.16 2 0
github.com/trueforge-org/forgetool/pkg/initfiles/initfiles.go:179.16,182.3 2 0
github.com/trueforge-org/forgetool/pkg/initfiles/initfiles.go:183.2,184.8 2 0
github.com/trueforge-org/forgetool/pkg/initfiles/initfiles.go:188.33,189.31 1 0
github.com/trueforge-org/forgetool/pkg/initfiles/initfiles.go:189.31,191.17 2 0
github.com/trueforge-org/forgetool/pkg/initfiles/initfiles.go:191.17,194.4 2 0
github.com/trueforge-org/forgetool/pkg/initfiles/initfiles.go:195.3,195.44 1 0
github.com/trueforge-org/forgetool/pkg/initfiles/initfiles.go:196.8,198.3 1 0
github.com/trueforge-org/forgetool/pkg/initfiles/initfiles.go:199.2,199.12 1 0
github.com/trueforge-org/forgetool/pkg/initfiles/initfiles.go:203.37,206.2 2 3
github.com/trueforge-org/forgetool/pkg/initfiles/initfiles.go:208.30,212.16 3 0
github.com/trueforge-org/forgetool/pkg/initfiles/initfiles.go:212.16,215.3 2 0
github.com/trueforge-org/forgetool/pkg/initfiles/initfiles.go:218.2,218.39 1 0
github.com/trueforge-org/forgetool/pkg/initfiles/initfiles.go:218.39,222.3 3 0
github.com/trueforge-org/forgetool/pkg/initfiles/initfiles.go:223.2,227.12 3 0
github.com/trueforge-org/forgetool/pkg/initfiles/initfiles.go:231.27,234.16 2 0
github.com/trueforge-org/forgetool/pkg/initfiles/initfiles.go:234.16,236.3 1 0
github.com/trueforge-org/forgetool/pkg/initfiles/initfiles.go:236.8,238.3 1 0
github.com/trueforge-org/forgetool/pkg/initfiles/initfiles.go:240.2,241.16 2 0
github.com/trueforge-org/forgetool/pkg/initfiles/initfiles.go:241.16,243.3 1 0
github.com/trueforge-org/forgetool/pkg/initfiles/initfiles.go:244.2,246.16 3 0
github.com/trueforge-org/forgetool/pkg/initfiles/initfiles.go:246.16,248.3 1 0
github.com/trueforge-org/forgetool/pkg/initfiles/initfiles.go:250.2,251.12 2 0
github.com/trueforge-org/forgetool/pkg/initfiles/initfiles.go:254.30,257.16 2 0
github.com/trueforge-org/forgetool/pkg/initfiles/initfiles.go:257.16,260.3 2 0
github.com/trueforge-org/forgetool/pkg/initfiles/initfiles.go:263.2,263.39 1 0
github.com/trueforge-org/forgetool/pkg/initfiles/initfiles.go:263.39,267.3 3 0
github.com/trueforge-org/forgetool/pkg/initfiles/initfiles.go:268.2,271.16 3 0
github.com/trueforge-org/forgetool/pkg/initfiles/initfiles.go:271.16,273.3 1 0
github.com/trueforge-org/forgetool/pkg/initfiles/initfiles.go:275.2,276.16 2 0
github.com/trueforge-org/forgetool/pkg/initfiles/initfiles.go:276.16,278.3 1 0
github.com/trueforge-org/forgetool/pkg/initfiles/initfiles.go:280.2,282.12 2 0
github.com/trueforge-org/forgetool/pkg/initfiles/initfiles.go:287.55,289.16 2 1
github.com/trueforge-org/forgetool/pkg/initfiles/initfiles.go:289.16,291.3 1 0
github.com/trueforge-org/forgetool/pkg/initfiles/initfiles.go:293.2,294.29 2 1
github.com/trueforge-org/forgetool/pkg/initfiles/initfiles.go:294.29,295.20 1 3
github.com/trueforge-org/forgetool/pkg/initfiles/initfiles.go:295.20,297.4 1 3
github.com/trueforge-org/forgetool/pkg/initfiles/initfiles.go:299.2,299.23 1 1
github.com/trueforge-org/forgetool/pkg/initfiles/initfiles.go:302.35,305.16 3 0
github.com/trueforge-org/forgetool/pkg/initfiles/initfiles.go:305.16,307.3 1 0
github.com/trueforge-org/forgetool/pkg/initfiles/initfiles.go:309.2,310.17 2 0
github.com/trueforge-org/forgetool/pkg/initfiles/initfiles.go:310.17,312.3 1 0
github.com/trueforge-org/forgetool/pkg/initfiles/initfiles.go:314.2,315.12 2 0
github.com/trueforge-org/forgetool/pkg/initfiles/initfiles.go:318.25,321.16 2 0
github.com/trueforge-org/forgetool/pkg/initfiles/initfiles.go:321.16,323.3 1 0
github.com/trueforge-org/forgetool/pkg/initfiles/initfiles.go:323.8,325.3 1 0
github.com/trueforge-org/forgetool/pkg/initfiles/initfiles.go:327.2,329.16 3 0
github.com/trueforge-org/forgetool/pkg/initfiles/initfiles.go:329.16,331.3 1 0
github.com/trueforge-org/forgetool/pkg/initfiles/initfiles.go:333.2,335.12 2 0
github.com/trueforge-org/forgetool/pkg/initfiles/initfiles.go:338.18,340.88 1 0
github.com/trueforge-org/forgetool/pkg/initfiles/initfiles.go:340.88,356.17 3 0
github.com/trueforge-org/forgetool/pkg/initfiles/initfiles.go:356.17,358.4 1 0
github.com/trueforge-org/forgetool/pkg/initfiles/initfiles.go:359.3,362.62 2 0
github.com/trueforge-org/forgetool/pkg/initfiles/initfiles.go:362.62,364.4 1 0
github.com/trueforge-org/forgetool/pkg/initfiles/initfiles.go:365.8,370.17 3 0
github.com/trueforge-org/forgetool/pkg/initfiles/initfiles.go:370.17,372.4 1 0
github.com/trueforge-org/forgetool/pkg/initfiles/initfiles.go:373.3,375.61 2 0
github.com/trueforge-org/forgetool/pkg/initfiles/initfiles.go:375.61,377.4 1 0
github.com/trueforge-org/forgetool/pkg/initfiles/initfiles.go:381.21,384.44 2 0
github.com/trueforge-org/forgetool/pkg/initfiles/initfiles.go:384.45,386.3 0 0
github.com/trueforge-org/forgetool/pkg/initfiles/initfiles.go:386.8,386.43 1 0
github.com/trueforge-org/forgetool/pkg/initfiles/initfiles.go:386.43,389.17 3 0
github.com/trueforge-org/forgetool/pkg/initfiles/initfiles.go:389.17,391.4 1 0
github.com/trueforge-org/forgetool/pkg/initfiles/initfiles.go:392.3,392.16 1 0
github.com/trueforge-org/forgetool/pkg/initfiles/initfiles.go:392.16,393.36 1 0
github.com/trueforge-org/forgetool/pkg/initfiles/initfiles.go:393.36,395.5 1 0
github.com/trueforge-org/forgetool/pkg/initfiles/initfiles.go:397.3,398.95 2 0
github.com/trueforge-org/forgetool/pkg/initfiles/initfiles.go:398.95,400.4 1 0
github.com/trueforge-org/forgetool/pkg/initfiles/initfiles.go:402.3,403.17 2 0
github.com/trueforge-org/forgetool/pkg/initfiles/initfiles.go:403.17,405.4 1 0
github.com/trueforge-org/forgetool/pkg/initfiles/initfiles.go:407.3,409.30 3 0
github.com/trueforge-org/forgetool/pkg/initfiles/initfiles.go:411.9,413.3 0 0
github.com/trueforge-org/forgetool/pkg/initfiles/initfiles.go:415.2,415.12 1 0
github.com/trueforge-org/forgetool/pkg/initfiles/initfiles.go:418.34,422.16 3 1
github.com/trueforge-org/forgetool/pkg/initfiles/initfiles.go:422.16,424.3 1 0
github.com/trueforge-org/forgetool/pkg/initfiles/initfiles.go:425.2,431.21 4 1
github.com/trueforge-org/forgetool/pkg/initfiles/initfiles.go:431.21,434.47 2 2
github.com/trueforge-org/forgetool/pkg/initfiles/initfiles.go:434.47,436.23 2 1
github.com/trueforge-org/forgetool/pkg/initfiles/initfiles.go:436.23,438.5 1 1
github.com/trueforge-org/forgetool/pkg/initfiles/initfiles.go:439.4,439.9 1 1
github.com/trueforge-org/forgetool/pkg/initfiles/initfiles.go:443.2,443.38 1 1
github.com/trueforge-org/forgetool/pkg/initfiles/initfiles.go:443.38,445.3 1 0
github.com/trueforge-org/forgetool/pkg/initfiles/initfiles.go:447.2,447.21 1 1
github.com/trueforge-org/forgetool/pkg/initfiles/initfiles.go:447.21,449.3 1 0
github.com/trueforge-org/forgetool/pkg/initfiles/initfiles.go:451.2,451.23 1 1
github.com/trueforge-org/forgetool/pkg/initfiles/initfiles.go:455.34,459.16 3 1
github.com/trueforge-org/forgetool/pkg/initfiles/initfiles.go:459.16,461.3 1 0
github.com/trueforge-org/forgetool/pkg/initfiles/initfiles.go:462.2,468.21 4 1
github.com/trueforge-org/forgetool/pkg/initfiles/initfiles.go:468.21,471.49 2 3
github.com/trueforge-org/forgetool/pkg/initfiles/initfiles.go:471.49,473.9 2 1
github.com/trueforge-org/forgetool/pkg/initfiles/initfiles.go:477.2,477.38 1 1
github.com/trueforge-org/forgetool/pkg/initfiles/initfiles.go:477.38,479.3 1 0
github.com/trueforge-org/forgetool/pkg/initfiles/initfiles.go:481.2,481.21 1 1
github.com/trueforge-org/forgetool/pkg/initfiles/initfiles.go:481.21,483.3 1 0
github.com/trueforge-org/forgetool/pkg/initfiles/initfiles.go:485.2,485.23 1 1
github.com/trueforge-org/forgetool/pkg/initfiles/initfiles.go:488.28,493.16 3 0
github.com/trueforge-org/forgetool/pkg/initfiles/initfiles.go:493.16,495.3 1 0
github.com/trueforge-org/forgetool/pkg/initfiles/initfiles.go:498.2,512.16 3 0
github.com/trueforge-org/forgetool/pkg/initfiles/initfiles.go:512.16,514.3 1 0
github.com/trueforge-org/forgetool/pkg/initfiles/initfiles.go:517.2,518.16 2 0
github.com/trueforge-org/forgetool/pkg/initfiles/initfiles.go:518.16,520.3 1 0
github.com/trueforge-org/forgetool/pkg/initfiles/initfiles.go:521.2,522.16 2 0
github.com/trueforge-org/forgetool/pkg/initfiles/initfiles.go:522.16,524.3 1 0
github.com/trueforge-org/forgetool/pkg/initfiles/initfiles.go:525.2,526.12 2 0
github.com/trueforge-org/forgetool/pkg/talhelperutil/extractfromtalconfig.go:24.19,29.16 3 0
github.com/trueforge-org/forgetool/pkg/talhelperutil/extractfromtalconfig.go:29.16,31.3 1 0
github.com/trueforge-org/forgetool/pkg/talhelperutil/extractfromtalconfig.go:32.2,37.16 4 0
github.com/trueforge-org/forgetool/pkg/talhelperutil/extractfromtalconfig.go:37.16,39.3 1 0
github.com/trueforge-org/forgetool/pkg/talhelperutil/extractfromtalconfig.go:40.2,50.36 7 0
github.com/trueforge-org/forgetool/pkg/talhelperutil/extractfromtalconfig.go:50.36,58.24 3 0
github.com/trueforge-org/forgetool/pkg/talhelperutil/extractfromtalconfig.go:58.24,61.4 2 0
github.com/trueforge-org/forgetool/pkg/talhelperutil/extractfromtalconfig.go:61.9,64.4 2 0
github.com/trueforge-org/forgetool/pkg/talhelperutil/extractfromtalconfig.go:67.2,68.75 2 0
github.com/trueforge-org/forgetool/pkg/talassist/load.go:23.22,25.16 2 0
github.com/trueforge-org/forgetool/pkg/talassist/load.go:25.16,27.3 1 0
github.com/trueforge-org/forgetool/pkg/talassist/load.go:28.2,30.8 3 0
github.com/trueforge-org/forgetool/pkg/talassist/load.go:33.24,43.78 9 0
github.com/trueforge-org/forgetool/pkg/talassist/load.go:43.78,45.3 1 0
github.com/trueforge-org/forgetool/pkg/talassist/load.go:46.2,46.12 1 0
github.com/trueforge-org/forgetool/pkg/talassist/load.go:49.40,52.16 3 0
github.com/trueforge-org/forgetool/pkg/talassist/load.go:52.16,54.3 1 0
github.com/trueforge-org/forgetool/pkg/talassist/load.go:55.2,55.10 1 0
github.com/trueforge-org/forgetool/pkg/talassist/load.go:58.33,65.16 6 0
github.com/trueforge-org/forgetool/pkg/talassist/load.go:65.16,67.3 1 0
github.com/trueforge-org/forgetool/pkg/talassist/load.go:69.2,69.47 1 0
github.com/trueforge-org/forgetool/pkg/talassist/load.go:69.47,71.17 2 0
github.com/trueforge-org/forgetool/pkg/talassist/load.go:71.17,73.4 1 0
github.com/trueforge-org/forgetool/pkg/talassist/load.go:75.2,75.12 1 0
github.com/trueforge-org/forgetool/pkg/sops/checkencrypt.go:24.64,29.16 3 0
github.com/trueforge-org/forgetool/pkg/sops/checkencrypt.go:29.16,32.3 2 0
github.com/trueforge-org/forgetool/pkg/sops/checkencrypt.go:33.2,37.16 3 0
github.com/trueforge-org/forgetool/pkg/sops/checkencrypt.go:37.16,40.3 2 0
github.com/trueforge-org/forgetool/pkg/sops/checkencrypt.go:41.2,45.20 3 0
github.com/trueforge-org/forgetool/pkg/sops/checkencrypt.go:45.20,48.17 2 0
github.com/trueforge-org/forgetool/pkg/sops/checkencrypt.go:48.17,51.4 2 0
github.com/trueforge-org/forgetool/pkg/sops/checkencrypt.go:53.3,53.28 1 0
github.com/trueforge-org/forgetool/pkg/sops/checkencrypt.go:53.28,56.4 2 0
github.com/trueforge-org/forgetool/pkg/sops/checkencrypt.go:57.3,60.33 2 0
github.com/trueforge-org/forgetool/pkg/sops/checkencrypt.go:60.33,62.53 2 0
github.com/trueforge-org/forgetool/pkg/sops/checkencrypt.go:62.53,64.5 1 0
github.com/trueforge-org/forgetool/pkg/sops/checkencrypt.go:65.4,65.43 1 0
github.com/trueforge-org/forgetool/pkg/sops/checkencrypt.go:65.43,66.32 1 0
github.com/trueforge-org/forgetool/pkg/sops/checkencrypt.go:66.32,68.11 2 0
github.com/trueforge-org/forgetool/pkg/sops/checkencrypt.go:74.3,75.37 2 0
github.com/trueforge-org/forgetool/pkg/sops/checkencrypt.go:75.37,77.4 1 0
github.com/trueforge-org/forgetool/pkg/sops/checkencrypt.go:79.3,79.54 1 0
github.com/trueforge-org/forgetool/pkg/sops/checkencrypt.go:79.54,82.4 2 0
github.com/trueforge-org/forgetool/pkg/sops/checkencrypt.go:83.3,83.60 1 0
github.com/trueforge-org/forgetool/pkg/sops/checkencrypt.go:84.8,88.3 2 0
github.com/trueforge-org/forgetool/pkg/sops/checkencrypt.go:91.2,91.36 1 0
github.com/trueforge-org/forgetool/pkg/sops/checkencrypt.go:91.36,93.17 2 0
github.com/trueforge-org/forgetool/pkg/sops/checkencrypt.go:93.17,96.4 2 0
github.com/trueforge-org/forgetool/pkg/sops/checkencrypt.go:97.3,101.89 3 0
github.com/trueforge-org/forgetool/pkg/sops/checkencrypt.go:104.2,104.26 1 0
github.com/trueforge-org/forgetool/pkg/sops/checkencrypt.go:107.77,112.16 3 0
github.com/trueforge-org/forgetool/pkg/sops/checkencrypt.go:112.16,115.3 2 0
github.com/trueforge-org/forgetool/pkg/sops/checkencrypt.go:118.2,119.29 2 0
github.com/trueforge-org/forgetool/pkg/sops/checkencrypt.go:119.29,120.22 1 0
github.com/trueforge-org/forgetool/pkg/sops/checkencrypt.go:120.22,122.4 1 0
github.com/trueforge-org/forgetool/pkg/sops/checkencrypt.go:126.2,126.31 1 0
github.com/trueforge-org/forgetool/pkg/sops/checkencrypt.go:126.31,130.41 3 0
github.com/trueforge-org/forgetool/pkg/sops/checkencrypt.go:130.41,134.18 2 0
github.com/trueforge-org/forgetool/pkg/sops/checkencrypt.go:134.18,136.19 2 0
github.com/trueforge-org/forgetool/pkg/sops/checkencrypt.go:136.19,138.6 1 0
github.com/trueforge-org/forgetool/pkg/sops/checkencrypt.go:138.11,143.20 3 0
github.com/trueforge-org/forgetool/pkg/sops/checkencrypt.go:143.20,145.7 1 0
github.com/trueforge-org/forgetool/pkg/sops/checkencrypt.go:145.12,147.7 1 0
github.com/trueforge-org/forgetool/pkg/sops/checkencrypt.go:153.3,153.18 1 0
github.com/trueforge-org/forgetool/pkg/sops/checkencrypt.go:153.18,158.4 3 0
github.com/trueforge-org/forgetool/pkg/sops/checkencrypt.go:158.9,161.42 2 0
github.com/trueforge-org/forgetool/pkg/sops/checkencrypt.go:161.42,164.19 2 0
github.com/trueforge-org/forgetool/pkg/sops/checkencrypt.go:164.19,167.14 3 0
github.com/trueforge-org/forgetool/pkg/sops/checkencrypt.go:169.5,169.38 1 0
github.com/trueforge-org/forgetool/pkg/sops/checkencrypt.go:169.38,171.6 1 0
github.com/trueforge-org/forgetool/pkg/sops/checkencrypt.go:175.4,175.33 1 0
github.com/trueforge-org/forgetool/pkg/sops/checkencrypt.go:175.33,178.43 3 0
github.com/trueforge-org/forgetool/pkg/sops/checkencrypt.go:178.43,180.6 1 0
github.com/trueforge-org/forgetool/pkg/sops/checkencrypt.go:181.5,182.15 2 0
github.com/trueforge-org/forgetool/pkg/sops/checkencrypt.go:184.4,184.15 1 0
github.com/trueforge-org/forgetool/pkg/sops/checkencrypt.go:189.2,193.12 4 0
github.com/trueforge-org/forgetool/pkg/sops/checkencrypt.go:197.18,200.16 3 0
github.com/trueforge-org/forgetool/pkg/sops/checkencrypt.go:200.16,202.3 1 0
github.com/trueforge-org/forgetool/pkg/sops/checkencrypt.go:203.2,206.21 3 0
github.com/trueforge-org/forgetool/pkg/sops/checkencrypt.go:206.21,207.59 1 0
github.com/trueforge-org/forgetool/pkg/sops/checkencrypt.go:207.59,210.4 2 0
github.com/trueforge-org/forgetool/pkg/sops/checkencrypt.go:213.2,213.38 1 0
github.com/trueforge-org/forgetool/pkg/sops/checkencrypt.go:213.38,215.3 1 0
github.com/trueforge-org/forgetool/pkg/sops/checkencrypt.go:217.2,218.12 2 0
github.com/trueforge-org/forgetool/pkg/sops/checkencrypt.go:222.62,228.44 3 0
github.com/trueforge-org/forgetool/pkg/sops/checkencrypt.go:228.44,231.17 2 0
github.com/trueforge-org/forgetool/pkg/sops/checkencrypt.go:231.17,234.4 2 0
github.com/trueforge-org/forgetool/pkg/sops/checkencrypt.go:237.3,237.81 1 0
github.com/trueforge-org/forgetool/pkg/sops/checkencrypt.go:237.81,238.18 1 0
github.com/trueforge-org/forgetool/pkg/sops/checkencrypt.go:238.18,240.5 1 0
github.com/trueforge-org/forgetool/pkg/sops/checkencrypt.go:241.4,241.52 1 0
github.com/trueforge-org/forgetool/pkg/sops/checkencrypt.go:241.52,244.5 2 0
github.com/trueforge-org/forgetool/pkg/sops/checkencrypt.go:245.4,245.14 1 0
github.com/trueforge-org/forgetool/pkg/sops/checkencrypt.go:247.3,247.17 1 0
github.com/trueforge-org/forgetool/pkg/sops/checkencrypt.go:247.17,250.4 2 0
github.com/trueforge-org/forgetool/pkg/sops/checkencrypt.go:253.2,253.19 1 0
github.com/trueforge-org/forgetool/pkg/sops/checkencrypt.go:257.53,260.32 2 5
github.com/trueforge-org/forgetool/pkg/sops/checkencrypt.go:261.23,262.33 1 2
github.com/trueforge-org/forgetool/pkg/sops/checkencrypt.go:263.15,264.33 1 0
github.com/trueforge-org/forgetool/pkg/sops/checkencrypt.go:265.22,266.33 1 2
github.com/trueforge-org/forgetool/pkg/sops/checkencrypt.go:267.10,268.15 1 1
github.com/trueforge-org/forgetool/pkg/sops/checkencrypt.go:272.40,274.32 2 8
github.com/trueforge-org/forgetool/pkg/sops/checkencrypt.go:275.23,276.16 1 3
github.com/trueforge-org/forgetool/pkg/sops/checkencrypt.go:277.15,278.16 1 1
github.com/trueforge-org/forgetool/pkg/sops/checkencrypt.go:279.14,280.18 1 1
github.com/trueforge-org/forgetool/pkg/sops/checkencrypt.go:281.14,282.15 1 1
github.com/trueforge-org/forgetool/pkg/sops/checkencrypt.go:283.10,284.18 1 2
github.com/trueforge-org/forgetool/pkg/sops/checkencrypt.go:289.42,292.55 3 7
github.com/trueforge-org/forgetool/pkg/sops/checkencrypt.go:292.55,295.3 1 1
github.com/trueforge-org/forgetool/pkg/sops/checkencrypt.go:296.2,297.11 2 6
github.com/trueforge-org/forgetool/pkg/sops/checkencrypt.go:301.42,304.2 2 6
github.com/trueforge-org/forgetool/pkg/sops/decrypt.go:18.42,20.2 1 0
github.com/trueforge-org/forgetool/pkg/sops/decrypt.go:22.27,27.16 3 0
github.com/trueforge-org/forgetool/pkg/sops/decrypt.go:27.16,30.3 2 0
github.com/trueforge-org/forgetool/pkg/sops/decrypt.go:33.2,36.29 2 0
github.com/trueforge-org/forgetool/pkg/sops/decrypt.go:36.29,37.21 1 0
github.com/trueforge-org/forgetool/pkg/sops/decrypt.go:37.21,42.18 4 0
github.com/trueforge-org/forgetool/pkg/sops/decrypt.go:42.18,45.5 2 0
github.com/trueforge-org/forgetool/pkg/sops/decrypt.go:48.4,49.18 2 0
github.com/trueforge-org/forgetool/pkg/sops/decrypt.go:49.18,52.5 2 0
github.com/trueforge-org/forgetool/pkg/sops/decrypt.go:55.4,55.67 1 0
github.com/trueforge-org/forgetool/pkg/sops/decrypt.go:55.67,58.5 2 0
github.com/trueforge-org/forgetool/pkg/sops/decrypt.go:59.4,59.66 1 0
github.com/trueforge-org/forgetool/pkg/sops/decrypt.go:64.2,64.21 1 0
github.com/trueforge-org/forgetool/pkg/sops/decrypt.go:64.21,66.3 1 0
github.com/trueforge-org/forgetool/pkg/sops/decrypt.go:68.2,70.12 3 0
github.com/trueforge-org/forgetool/pkg/sops/decrypt.go:73.62,79.16 4 0
github.com/trueforge-org/forgetool/pkg/sops/decrypt.go:79.16,82.69 1 0
github.com/trueforge-org/forgetool/pkg/sops/decrypt.go:82.69,86.4 2 0
github.com/trueforge-org/forgetool/pkg/sops/decrypt.go:87.3,88.18 2 0
github.com/trueforge-org/forgetool/pkg/sops/decrypt.go:91.2,92.23 2 0
github.com/trueforge-org/forgetool/pkg/sops/decrypt.go:96.71,98.16 2 0
github.com/trueforge-org/forgetool/pkg/sops/decrypt.go:98.16,99.47 1 0
github.com/trueforge-org/forgetool/pkg/sops/decrypt.go:99.47,103.18 3 0
github.com/trueforge-org/forgetool/pkg/sops/decrypt.go:103.18,106.5 2 0
github.com/trueforge-org/forgetool/pkg/sops/decrypt.go:107.9,110.4 2 0
github.com/trueforge-org/forgetool/pkg/sops/decrypt.go:112.2,113.23 2 0
github.com/trueforge-org/forgetool/pkg/sops/decrypt.go:117.73,121.37 3 0
github.com/trueforge-org/forgetool/pkg/sops/decrypt.go:121.37,125.3 2 0
github.com/trueforge-org/forgetool/pkg/sops/decrypt.go:126.2,126.16 1 0
github.com/trueforge-org/forgetool/pkg/sops/decrypt.go:126.16,128.3 1 0
github.com/trueforge-org/forgetool/pkg/sops/decrypt.go:129.2,129.23 1 0
github.com/trueforge-org/forgetool/pkg/sops/decrypt.go:133.35,135.2 1 0
github.com/trueforge-org/forgetool/pkg/sops/encrypt.go:13.30,17.16 3 0
github.com/trueforge-org/forgetool/pkg/sops/encrypt.go:17.16,20.3 2 0
github.com/trueforge-org/forgetool/pkg/sops/encrypt.go:22.2,24.29 2 0
github.com/trueforge-org/forgetool/pkg/sops/encrypt.go:24.29,25.53 1 0
github.com/trueforge-org/forgetool/pkg/sops/encrypt.go:25.53,28.4 2 0
github.com/trueforge-org/forgetool/pkg/sops/encrypt.go:31.2,32.12 2 0
github.com/trueforge-org/forgetool/pkg/sops/encrypt.go:36.53,38.20 1 0
github.com/trueforge-org/forgetool/pkg/sops/encrypt.go:38.20,41.3 2 0
github.com/trueforge-org/forgetool/pkg/sops/encrypt.go:44.2,45.16 2 0
github.com/trueforge-org/forgetool/pkg/sops/encrypt.go:45.16,48.3 2 0
github.com/trueforge-org/forgetool/pkg/sops/encrypt.go:51.2,51.18 1 0
github.com/trueforge-org/forgetool/pkg/sops/encrypt.go:51.18,54.17 3 0
github.com/trueforge-org/forgetool/pkg/sops/encrypt.go:54.17,57.4 2 0
github.com/trueforge-org/forgetool/pkg/sops/encrypt.go:58.3,58.56 1 0
github.com/trueforge-org/forgetool/pkg/sops/encrypt.go:62.2,63.16 2 0
github.com/trueforge-org/forgetool/pkg/sops/encrypt.go:63.16,66.3 2 0
github.com/trueforge-org/forgetool/pkg/sops/encrypt.go:68.2,69.12 2 0
github.com/trueforge-org/forgetool/pkg/sops/encrypt.go:73.41,79.16 4 0
github.com/trueforge-org/forgetool/pkg/sops/encrypt.go:79.16,82.3 2 0
github.com/trueforge-org/forgetool/pkg/sops/encrypt.go:85.2,86.16 2 0
github.com/trueforge-org/forgetool/pkg/sops/encrypt.go:86.16,89.3 2 0
github.com/trueforge-org/forgetool/pkg/sops/encrypt.go:91.2,95.16 3 0
github.com/trueforge-org/forgetool/pkg/sops/encrypt.go:95.16,98.3 2 0
github.com/trueforge-org/forgetool/pkg/sops/encrypt.go:101.2,101.68 1 0
github.com/trueforge-org/forgetool/pkg/sops/encrypt.go:101.68,104.3 2 0
github.com/trueforge-org/forgetool/pkg/sops/encrypt.go:106.2,107.12 2 0
github.com/trueforge-org/forgetool/pkg/sops/encrypt.go:111.60,118.44 3 0
github.com/trueforge-org/forgetool/pkg/sops/encrypt.go:118.44,121.17 2 0
github.com/trueforge-org/forgetool/pkg/sops/encrypt.go:121.17,123.12 2 0
github.com/trueforge-org/forgetool/pkg/sops/encrypt.go:127.3,127.30 1 0
github.com/trueforge-org/forgetool/pkg/sops/encrypt.go:127.30,131.4 2 0
github.com/trueforge-org/forgetool/pkg/sops/encrypt.go:135.2,135.23 1 0
github.com/trueforge-org/forgetool/pkg/sops/encrypt.go:135.23,138.3 2 0
github.com/trueforge-org/forgetool/pkg/sops/encrypt.go:140.2,140.20 1 0
github.com/trueforge-org/forgetool/pkg/sops/loadsops.go:20.43,23.57 2 5
github.com/trueforge-org/forgetool/pkg/sops/loadsops.go:23.57,26.3 2 1
github.com/trueforge-org/forgetool/pkg/sops/loadsops.go:26.8,26.23 1 4
github.com/trueforge-org/forgetool/pkg/sops/loadsops.go:26.23,28.3 1 0
github.com/trueforge-org/forgetool/pkg/sops/loadsops.go:28.8,30.3 1 4
github.com/trueforge-org/forgetool/pkg/sops/loadsops.go:33.2,34.16 2 4
github.com/trueforge-org/forgetool/pkg/sops/loadsops.go:34.16,37.3 2 0
github.com/trueforge-org/forgetool/pkg/sops/loadsops.go:38.2,43.16 4 4
github.com/trueforge-org/forgetool/pkg/sops/loadsops.go:43.16,46.3 2 1
github.com/trueforge-org/forgetool/pkg/sops/loadsops.go:47.2,53.20 4 3
github.com/trueforge-org/forgetool/pkg/sops/wrapper.go:27.82,35.16 5 0
github.com/trueforge-org/forgetool/pkg/sops/wrapper.go:35.16,38.3 2 0
github.com/trueforge-org/forgetool/pkg/sops/wrapper.go:39.2,45.48 4 0
github.com/trueforge-org/forgetool/pkg/sops/wrapper.go:45.48,46.17 1 0
github.com/trueforge-org/forgetool/pkg/sops/wrapper.go:46.17,49.4 2 0
github.com/trueforge-org/forgetool/pkg/sops/wrapper.go:50.3,50.38 1 0
github.com/trueforge-org/forgetool/pkg/sops/wrapper.go:53.2,55.66 2 0
github.com/trueforge-org/forgetool/pkg/sops/wrapper.go:55.66,59.3 3 0
github.com/trueforge-org/forgetool/pkg/sops/wrapper.go:61.2,73.16 3 0
github.com/trueforge-org/forgetool/pkg/sops/wrapper.go:73.16,76.3 2 0
github.com/trueforge-org/forgetool/pkg/sops/wrapper.go:78.2,79.27 2 0
github.com/trueforge-org/forgetool/pkg/sops/wrapper.go:84.58,88.16 3 0
github.com/trueforge-org/forgetool/pkg/sops/wrapper.go:88.16,90.3 1 0
github.com/trueforge-org/forgetool/pkg/sops/wrapper.go:92.2,92.15 1 0
github.com/trueforge-org/forgetool/pkg/sops/wrapper.go:109.25,112.2 2 0
github.com/trueforge-org/forgetool/pkg/sops/wrapper.go:114.73,117.16 3 0
github.com/trueforge-org/forgetool/pkg/sops/wrapper.go:117.16,120.3 2 0
github.com/trueforge-org/forgetool/pkg/sops/wrapper.go:121.2,122.27 2 0
github.com/trueforge-org/forgetool/pkg/sops/wrapper.go:135.98,139.27 3 0
github.com/trueforge-org/forgetool/pkg/sops/wrapper.go:140.18,141.72 1 0
github.com/trueforge-org/forgetool/pkg/sops/wrapper.go:142.10,143.72 1 0
github.com/trueforge-org/forgetool/pkg/sops/wrapper.go:146.2,149.16 3 0
github.com/trueforge-org/forgetool/pkg/sops/wrapper.go:149.16,152.3 2 0
github.com/trueforge-org/forgetool/pkg/sops/wrapper.go:153.2,172.19 4 0
github.com/trueforge-org/forgetool/pkg/sops/wrapper.go:172.19,175.3 2 0
github.com/trueforge-org/forgetool/pkg/sops/wrapper.go:177.2,186.16 4 0
github.com/trueforge-org/forgetool/pkg/sops/wrapper.go:186.16,189.3 2 0
github.com/trueforge-org/forgetool/pkg/sops/wrapper.go:191.2,192.38 2 0
